0 0 60 44 1
0.08928571428571429 0 60 0 0
0.08928571428571429 0 60 44 1
0.17857142857142858 0 60 0 0
0.17857142857142858 0 58 44 1
0.26785714285714285 0 58 0 0
0.26785714285714285 0 59 44 1
0.35714285714285715 0 59 0 0
0.35714285714285715 0 60 44 1
0.44642857142857145 0 60 0 0
0.44642857142857145 0 60 44 1
0.5357142857142857 0 60 0 0
0.5357142857142857 0 58 44 1
0.625 0 58 0 0
0.625 0 58 44 1
0.7142857142857143 0 58 0 0
0.7142857142857143 0 57 44 1
0.8035714285714286 0 57 0 0
0.8035714285714286 0 58 44 1
0.9375 0 58 0 0
0.9375 0 58 44 1
1.0267857142857142 0 58 0 0
1.0267857142857144 0 58 44 1
1.0714285714285714 0 56 44 1
1.1160714285714286 0 58 0 0
1.1607142857142856 0 56 0 0
1.1607142857142858 0 56 44 1
1.25 0 56 0 0
1.25 0 55 44 1
1.3392857142857142 0 55 0 0
1.3392857142857144 0 55 44 1
1.4285714285714286 0 55 0 0
1.4285714285714286 0 56 44 1
1.5178571428571428 0 56 0 0
1.5178571428571428 0 56 44 1
1.607142857142857 0 56 0 0
1.6071428571428572 0 55 44 1
1.6964285714285714 0 55 0 0
1.6964285714285714 0 55 44 1
1.7857142857142856 0 55 0 0
1.7857142857142858 0 60 44 1
1.875 0 60 0 0
1.875 0 60 44 1
1.9642857142857142 0 60 0 0
1.9642857142857144 0 62 44 1
2.053571428571429 0 62 0 0
2.053571428571429 0 62 44 1
2.142857142857143 0 63 44 1
2.142857142857143 1 60 44 1
2.1428571428571432 0 62 0 0
2.232142857142857 0 63 0 0
2.232142857142857 1 60 0 0
2.232142857142857 0 63 44 1
2.232142857142857 1 60 44 1
2.3214285714285716 0 63 0 0
2.3214285714285716 1 60 0 0
2.3214285714285716 0 62 44 1
2.3214285714285716 1 59 44 1
2.4107142857142856 0 62 44 1
2.4107142857142856 1 59 44 1
2.410714285714286 0 62 0 0
2.410714285714286 1 59 0 0
2.5 0 62 0 0
2.5 1 59 0 0
2.5 0 63 44 1
2.5 1 60 44 1
2.5892857142857144 0 63 0 0
2.5892857142857144 1 60 0 0
2.5892857142857144 0 63 44 1
2.5892857142857144 1 60 44 1
2.678571428571429 0 63 0 0
2.678571428571429 1 60 0 0
2.678571428571429 0 63 44 1
2.678571428571429 1 58 44 1
2.767857142857143 0 64 44 1
2.767857142857143 1 58 44 1
2.7678571428571432 0 63 0 0
2.7678571428571432 1 58 0 0
2.857142857142857 0 64 0 0
2.857142857142857 1 58 0 0
2.857142857142857 0 65 44 1
2.857142857142857 1 56 44 1
2.9464285714285716 0 65 0 0
2.9464285714285716 1 56 0 0
2.9464285714285716 0 65 44 1
2.9464285714285716 1 57 44 1
3.0357142857142856 0 64 44 1
3.0357142857142856 1 58 44 1
3.035714285714286 0 65 0 0
3.035714285714286 1 57 0 0
3.125 0 64 0 0
3.125 1 58 0 0
3.125 0 64 44 1
3.125 1 58 44 1
3.2142857142857144 0 64 0 0
3.2142857142857144 1 58 0 0
3.2142857142857144 0 65 44 1
3.2142857142857144 1 56 44 1
3.303571428571429 0 65 0 0
3.303571428571429 1 56 0 0
3.303571428571429 0 65 44 1
3.303571428571429 1 56 44 1
3.392857142857143 0 67 44 1
3.392857142857143 1 55 44 1
3.3928571428571432 0 65 0 0
3.3928571428571432 1 56 0 0
3.482142857142857 0 67 0 0
3.482142857142857 1 55 0 0
3.482142857142857 0 67 44 1
3.482142857142857 1 55 44 1
3.5714285714285716 0 67 0 0
3.5714285714285716 1 55 0 0
3.5714285714285716 0 66 44 1
3.5714285714285716 1 56 44 1
3.6607142857142856 0 66 44 1
3.6607142857142856 1 56 44 1
3.660714285714286 0 66 0 0
3.660714285714286 1 56 0 0
3.75 0 66 0 0
3.75 1 56 0 0
3.75 0 67 44 1
3.75 1 55 44 1
3.8392857142857144 0 67 0 0
3.8392857142857144 1 55 0 0
3.8392857142857144 0 67 44 1
3.8392857142857144 1 55 44 1
3.928571428571429 0 67 0 0
3.928571428571429 1 55 0 0
3.928571428571429 0 75 44 1
3.928571428571429 1 60 44 1
4.017857142857143 0 75 0 0
4.017857142857143 1 60 0 0
4.017857142857143 0 75 44 1
4.017857142857143 1 60 44 1
4.107142857142858 0 75 0 0
4.107142857142858 1 60 0 0
4.107142857142858 0 77 44 1
4.107142857142858 1 62 44 1
4.196428571428571 0 77 44 1
4.196428571428571 1 62 44 1
4.196428571428572 0 77 0 0
4.196428571428572 1 62 0 0
4.285714285714286 0 77 0 0
4.285714285714286 1 62 0 0
4.285714285714286 0 79 44 1
4.285714285714286 1 63 44 1
4.285714285714286 2 60 54 1
4.345238095238095 1 63 0 0
4.345238095238095 1 63 44 1
4.375 2 60 0 0
4.375 2 60 54 1
4.404761904761904 1 63 0 0
4.404761904761905 1 62 44 1
4.464285714285714 2 60 0 0
4.464285714285714 1 62 0 0
4.464285714285714 1 62 44 1
4.464285714285714 2 59 54 1
4.523809523809524 1 62 0 0
4.523809523809524 1 63 44 1
4.553571428571429 2 59 0 0
4.553571428571429 2 59 54 1
4.613095238095238 1 63 0 0
4.613095238095238 1 63 44 1
4.642857142857143 2 59 0 0
4.642857142857143 2 60 54 1
4.7023809523809526 1 63 0 0
4.7023809523809526 1 64 44 1
4.732142857142858 2 60 0 0
4.732142857142858 2 60 54 1
4.791666666666667 1 64 0 0
4.791666666666667 1 64 44 1
4.821428571428571 0 79 0 0
4.821428571428571 0 70 44 1
4.821428571428571 0 72 44 1
4.821428571428571 0 74 44 1
4.821428571428571 0 84 44 1
4.821428571428571 2 58 54 1
4.821428571428572 2 60 0 0
4.8809523809523805 1 65 44 1
4.880952380952381 1 64 0 0
4.910714285714286 2 58 0 0
4.910714285714286 2 58 54 1
4.970238095238095 1 65 0 0
4.970238095238095 1 65 44 1
5.0 2 58 0 0
5.0 2 57 54 1
5.059523809523809 1 65 0 0
5.059523809523809 1 64 44 1
5.089285714285714 2 57 0 0
5.089285714285714 2 57 54 1
5.148809523809524 1 64 0 0
5.148809523809524 1 64 44 1
5.178571428571428 0 70 0 0
5.178571428571428 0 72 0 0
5.178571428571428 0 74 0 0
5.178571428571428 0 84 0 0
5.178571428571429 2 57 0 0
5.178571428571429 2 58 54 1
5.238095238095238 1 64 0 0
5.267857142857143 2 58 0 0
5.267857142857143 2 58 54 1
5.357142857142858 2 58 0 0
5.357142857142858 0 84 44 1
5.357142857142858 1 65 44 1
5.357142857142858 2 56 54 1
5.446428571428571 1 65 44 1
5.446428571428571 2 56 54 1
5.446428571428572 1 65 0 0
5.446428571428572 2 56 0 0
5.535714285714286 1 65 0 0
5.535714285714286 2 56 0 0
5.535714285714286 1 67 44 1
5.535714285714286 2 55 54 1
5.625 1 67 0 0
5.625 2 55 0 0
5.625 1 67 44 1
5.625 2 55 54 1
5.714285714285714 1 67 0 0
5.714285714285714 2 55 0 0
5.714285714285714 1 66 44 1
5.714285714285714 2 56 54 1
5.803571428571429 1 66 0 0
5.803571428571429 2 56 0 0
5.803571428571429 1 66 44 1
5.803571428571429 2 56 54 1
5.892857142857143 0 84 0 0
5.892857142857143 1 66 0 0
5.892857142857143 2 56 0 0
5.892857142857143 0 72 44 1
5.892857142857143 0 75 44 1
5.892857142857143 0 91 44 1
5.892857142857143 1 58 44 1
5.892857142857143 1 67 44 1
5.892857142857143 2 55 54 1
5.982142857142858 2 55 0 0
5.982142857142858 2 55 54 1
6.071428571428571 2 60 54 1
6.071428571428572 2 55 0 0
6.160714285714286 2 60 0 0
6.160714285714286 2 60 54 1
6.25 0 72 0 0
6.25 0 75 0 0
6.25 0 91 0 0
6.25 1 58 0 0
6.25 1 67 0 0
6.25 2 60 0 0
6.25 1 67 44 1
6.25 2 62 54 1
6.339285714285714 2 62 0 0
6.339285714285714 2 62 54 1
6.428571428571429 2 62 0 0
6.428571428571429 0 72 44 1
6.428571428571429 0 75 44 1
6.428571428571429 0 91 44 1
6.428571428571429 1 72 44 1
6.428571428571429 1 74 44 1
6.428571428571429 1 79 44 1
6.428571428571429 2 63 54 1
6.428571428571429 3 48 88 1
6.517857142857143 2 63 0 0
6.517857142857143 2 63 54 1
6.607142857142857 1 67 0 0
6.607142857142858 3 48 0 0
6.607142857142858 2 63 0 0
6.607142857142858 2 62 54 1
6.607142857142858 3 48 88 1
6.696428571428571 2 62 54 1
6.696428571428572 2 62 0 0
6.785714285714286 0 72 0 0
6.785714285714286 0 75 0 0
6.785714285714286 0 91 0 0
6.785714285714286 1 72 0 0
6.785714285714286 1 74 0 0
6.785714285714286 1 79 0 0
6.785714285714286 2 62 0 0
6.785714285714286 0 72 44 1
6.785714285714286 0 75 44 1
6.785714285714286 0 91 44 1
6.785714285714286 1 72 44 1
6.785714285714286 1 75 44 1
6.785714285714286 1 84 44 1
6.785714285714286 2 63 54 1
6.785714285714286 3 47 88 1
6.7857142857142865 3 48 0 0
6.875 2 63 0 0
6.875 2 63 54 1
6.964285714285714 3 47 0 0
6.964285714285714 2 63 0 0
6.964285714285714 2 64 54 1
6.964285714285714 3 47 88 1
7.053571428571429 2 64 0 0
7.053571428571429 2 64 54 1
7.142857142857142 0 72 0 0
7.142857142857142 0 75 0 0
7.142857142857142 0 91 0 0
7.142857142857142 1 72 0 0
7.142857142857142 1 75 0 0
7.142857142857142 1 84 0 0
7.142857142857143 3 47 0 0
7.142857142857143 2 64 0 0
7.142857142857143 2 65 54 1
7.142857142857143 3 48 88 1
7.232142857142858 2 65 0 0
7.232142857142858 2 65 54 1
7.321428571428571 2 64 54 1
7.321428571428571 3 48 88 1
7.321428571428572 3 48 0 0
7.321428571428572 2 65 0 0
7.410714285714286 2 64 0 0
7.410714285714286 2 64 54 1
7.44047619047619 3 48 0 0
7.44047619047619 3 46 88 1
7.499999999999999 3 46 0 0
7.5 2 64 0 0
7.5 0 72 44 1
7.5 0 89 44 1
7.5 1 84 44 1
7.5 2 65 54 1
7.5 3 44 88 1
7.5 3 46 88 1
7.589285714285714 2 65 0 0
7.589285714285714 3 44 0 0
7.589285714285714 3 46 0 0
7.589285714285714 2 65 54 1
7.589285714285714 3 44 88 1
7.589285714285714 3 45 88 1
7.678571428571429 2 65 0 0
7.678571428571429 3 44 0 0
7.678571428571429 3 45 0 0
7.678571428571429 2 67 54 1
7.678571428571429 3 43 88 1
7.678571428571429 3 45 88 1
7.767857142857143 2 67 0 0
7.767857142857143 3 43 0 0
7.767857142857143 3 45 0 0
7.767857142857143 2 67 54 1
7.767857142857143 3 43 88 1
7.767857142857143 3 46 88 1
7.857142857142857 0 72 0 0
7.857142857142857 0 89 0 0
7.857142857142857 1 84 0 0
7.857142857142858 2 67 0 0
7.857142857142858 3 43 0 0
7.857142857142858 3 46 0 0
7.857142857142858 0 74 44 1
7.857142857142858 0 74 44 1
7.857142857142858 0 89 44 1
7.857142857142858 1 74 44 1
7.857142857142858 1 75 44 1
7.857142857142858 1 87 44 1
7.857142857142858 2 66 54 1
7.857142857142858 3 44 88 1
7.857142857142858 3 46 88 1
7.946428571428571 2 66 54 1
7.946428571428571 3 44 88 1
7.946428571428572 2 66 0 0
7.946428571428572 3 44 0 0
7.946428571428572 3 46 0 0
8.035714285714285 2 66 0 0
8.035714285714285 3 44 0 0
8.035714285714286 2 67 54 1
8.035714285714286 3 43 88 1
8.125 2 67 0 0
8.125 3 43 0 0
8.125 2 67 54 1
8.125 3 43 88 1
8.214285714285714 2 67 0 0
8.214285714285714 3 43 0 0
8.214285714285715 0 74 0 0
8.214285714285715 0 74 0 0
8.214285714285715 0 89 0 0
8.214285714285715 1 74 0 0
8.214285714285715 1 75 0 0
8.214285714285715 1 87 0 0
8.214285714285715 0 72 44 1
8.214285714285715 0 72 44 1
8.214285714285715 0 91 44 1
8.214285714285715 2 63 54 1
8.214285714285715 3 39 88 1
8.303571428571429 2 63 0 0
8.303571428571429 3 39 0 0
8.303571428571429 2 63 54 1
8.303571428571429 3 39 88 1
8.392857142857142 2 63 0 0
8.392857142857142 3 39 0 0
8.392857142857142 2 60 54 1
8.392857142857142 3 36 88 1
8.482142857142856 2 60 0 0
8.482142857142856 3 36 0 0
8.482142857142858 2 60 54 1
8.482142857142858 3 36 88 1
8.571428571428571 2 60 0 0
8.571428571428571 3 36 0 0
8.571428571428571 0 92 44 1
8.571428571428571 1 65 88 1
8.571428571428571 1 73 88 1
8.571428571428571 1 80 88 1
8.571428571428571 2 53 88 1
8.571428571428571 2 61 88 1
8.571428571428571 2 68 88 1
8.571428571428571 3 41 102 1
8.571428571428573 0 72 0 0
8.571428571428573 0 72 0 0
8.571428571428573 0 91 0 0
8.75 0 92 0 0
8.75 0 89 44 1
8.928571428571429 1 65 0 0
8.928571428571429 1 73 0 0
8.928571428571429 1 80 0 0
8.928571428571429 2 53 0 0
8.928571428571429 2 61 0 0
8.928571428571429 2 68 0 0
8.928571428571429 3 41 0 0
8.928571428571429 0 89 0 0
8.928571428571429 0 85 44 1
9.107142857142858 0 85 0 0
9.107142857142858 0 80 44 1
9.285714285714286 0 80 0 0
9.285714285714286 0 77 44 1
9.464285714285715 0 77 0 0
9.464285714285715 0 73 44 1
9.642857142857142 0 80 44 1
9.642857142857144 0 73 0 0
9.821428571428571 0 80 0 0
9.821428571428571 0 77 44 1
10.0 0 77 0 0
10.0 0 73 44 1
10.178571428571429 0 73 0 0
10.178571428571429 0 68 44 1
10.357142857142858 0 68 0 0
10.357142857142858 0 65 44 1
10.535714285714286 0 65 0 0
10.535714285714286 0 61 44 1
10.714285714285715 0 61 0 0
10.714285714285715 0 58 44 1
10.714285714285715 1 68 44 1
10.714285714285715 2 48 88 1
10.714285714285715 2 48 88 1
10.714285714285715 2 62 88 1
10.714285714285715 3 43 44 1
11.25 0 71 44 1
11.250000000000002 0 58 0 0
11.785714285714286 1 68 0 0
11.785714285714286 2 48 0 0
11.785714285714286 2 48 0 0
11.785714285714286 2 62 0 0
11.785714285714286 0 71 0 0
11.785714285714286 0 75 44 1
11.785714285714286 1 67 44 1
11.785714285714286 2 59 88 1
12.678571428571429 0 75 0 0
12.678571428571429 1 67 0 0
12.678571428571429 0 65 44 1
12.678571428571429 0 74 44 1
12.678571428571429 1 65 44 1
12.857142857142858 3 43 0 0
12.857142857142858 2 59 0 0
12.857142857142858 1 65 0 0
12.857142857142858 0 72 44 1
12.857142857142858 1 63 44 1
12.857142857142858 2 55 88 1
12.857142857142858 2 56 88 1
12.857142857142858 2 60 88 1
12.857142857142858 3 48 44 1
13.035714285714286 0 65 0 0
13.035714285714286 0 74 0 0
13.035714285714286 0 72 0 0
13.035714285714286 0 71 44 1
13.214285714285715 3 48 0 0
13.214285714285715 0 71 0 0
13.214285714285715 0 72 44 1
13.392857142857142 0 70 44 1
13.392857142857142 1 64 44 1
13.392857142857144 1 63 0 0
13.392857142857144 0 72 0 0
13.571428571428571 2 55 0 0
13.571428571428571 2 56 0 0
13.571428571428571 2 60 0 0
13.571428571428571 0 70 0 0
13.571428571428571 0 69 44 1
13.75 0 69 0 0
13.75 0 70 44 1
13.928571428571429 1 64 0 0
13.928571428571429 0 70 0 0
13.928571428571429 0 68 44 1
13.928571428571429 1 65 44 1
13.928571428571429 2 60 88 1
14.107142857142858 0 68 0 0
14.107142857142858 0 67 44 1
14.285714285714286 0 67 0 0
14.285714285714286 0 68 44 1
14.464285714285715 1 65 0 0
14.464285714285715 0 68 0 0
14.464285714285715 0 67 44 1
14.464285714285715 1 63 44 1
14.642857142857142 0 79 44 1
14.642857142857144 0 67 0 0
14.821428571428571 0 79 0 0
14.821428571428571 0 75 44 1
14.821428571428571 1 60 44 1
14.821428571428573 1 63 0 0
14.910714285714285 1 60 0 0
14.910714285714286 1 62 44 1
15.0 2 60 0 0
15.0 0 75 0 0
15.0 1 62 0 0
15.0 0 72 44 1
15.0 1 63 44 1
15.0 2 51 88 1
15.0 2 53 88 1
15.0 2 60 88 1
15.0 3 48 44 1
15.178571428571429 0 72 0 0
15.178571428571429 0 71 44 1
15.357142857142858 3 48 0 0
15.357142857142858 0 71 0 0
15.357142857142858 0 72 44 1
15.535714285714286 1 63 0 0
15.535714285714286 0 72 0 0
15.535714285714286 0 70 44 1
15.535714285714286 1 64 44 1
15.714285714285714 2 51 0 0
15.714285714285714 2 53 0 0
15.714285714285714 2 60 0 0
15.714285714285715 0 70 0 0
15.714285714285715 0 69 44 1
15.892857142857142 0 70 44 1
15.892857142857144 0 69 0 0
16.07142857142857 0 70 0 0
16.071428571428573 1 64 0 0
16.071428571428573 0 68 44 1
16.071428571428573 1 65 44 1
16.071428571428573 2 51 88 1
16.071428571428573 2 53 88 1
16.071428571428573 2 55 88 1
16.071428571428573 2 56 88 1
16.071428571428573 2 60 88 1
16.25 0 68 0 0
16.25 0 67 44 1
16.428571428571427 0 67 0 0
16.42857142857143 1 65 0 0
16.42857142857143 0 68 44 1
16.42857142857143 1 63 44 1
16.607142857142858 0 68 0 0
16.607142857142858 0 67 44 1
16.785714285714285 0 67 0 0
16.785714285714285 0 79 44 1
16.78571428571429 2 51 0 0
16.78571428571429 2 53 0 0
16.78571428571429 2 55 0 0
16.78571428571429 2 56 0 0
16.78571428571429 2 60 0 0
16.96428571428571 0 79 0 0
16.964285714285715 1 63 0 0
16.964285714285715 0 75 44 1
17.142857142857142 0 75 0 0
17.142857142857142 0 74 44 1
17.142857142857142 1 62 44 1
17.142857142857142 2 56 88 1
17.142857142857142 3 53 44 1
17.32142857142857 0 74 0 0
17.321428571428573 0 80 44 1
17.5 0 80 0 0
17.5 0 77 44 1
17.678571428571427 0 77 0 0
17.67857142857143 0 74 44 1
17.857142857142858 2 56 0 0
17.857142857142858 0 74 0 0
17.857142857142858 0 75 44 1
18.035714285714285 0 75 0 0
18.035714285714285 0 72 44 1
18.21428571428571 0 72 0 0
18.214285714285715 1 62 0 0
18.214285714285715 3 53 0 0
18.214285714285715 0 71 44 1
18.214285714285715 1 65 44 1
18.214285714285715 2 62 88 1
18.214285714285715 3 55 44 1
18.392857142857142 0 71 0 0
18.392857142857142 0 77 44 1
18.57142857142857 0 77 0 0
18.571428571428573 0 74 44 1
18.75 0 74 0 0
18.75 0 68 44 1
18.928571428571427 0 68 0 0
18.92857142857143 0 67 44 1
19.107142857142858 0 67 0 0
19.107142857142858 0 71 44 1
19.285714285714285 0 71 0 0
19.285714285714285 0 72 44 1
19.285714285714285 1 63 44 1
19.285714285714285 2 51 88 1
19.285714285714285 2 53 88 1
19.285714285714285 2 55 88 1
19.285714285714285 2 56 88 1
19.285714285714285 2 60 88 1
19.285714285714285 3 36 44 1
19.28571428571429 1 65 0 0
19.28571428571429 2 62 0 0
19.28571428571429 3 55 0 0
19.46428571428571 0 72 0 0
19.46428571428571 3 36 0 0
19.464285714285715 0 71 44 1
19.464285714285715 3 37 44 1
19.642857142857142 0 71 0 0
19.642857142857142 3 37 0 0
19.642857142857142 0 72 44 1
19.642857142857142 3 36 44 1
19.82142857142857 1 63 0 0
19.82142857142857 0 72 0 0
19.82142857142857 3 36 0 0
19.821428571428573 0 70 44 1
19.821428571428573 1 64 44 1
19.821428571428573 3 36 44 1
20.0 2 51 0 0
20.0 2 53 0 0
20.0 2 55 0 0
20.0 2 56 0 0
20.0 2 60 0 0
20.0 0 70 0 0
20.0 3 36 0 0
20.0 0 69 44 1
20.0 3 36 44 1
20.178571428571427 0 69 0 0
20.178571428571427 3 36 0 0
20.17857142857143 0 70 44 1
20.357142857142858 1 64 0 0
20.357142857142858 0 70 0 0
20.357142857142858 0 68 44 1
20.357142857142858 1 65 44 1
20.357142857142858 2 51 88 1
20.357142857142858 2 53 88 1
20.357142857142858 2 55 88 1
20.357142857142858 2 56 88 1
20.357142857142858 2 60 88 1
20.357142857142858 3 36 44 1
20.535714285714285 0 68 0 0
20.535714285714285 3 36 0 0
20.535714285714285 0 67 44 1
20.535714285714285 3 37 44 1
20.71428571428571 0 67 0 0
20.71428571428571 3 37 0 0
20.714285714285715 0 68 44 1
20.714285714285715 3 36 44 1
20.892857142857142 1 65 0 0
20.892857142857142 0 68 0 0
20.892857142857142 3 36 0 0
20.892857142857142 0 67 44 1
20.892857142857142 1 63 44 1
20.892857142857142 3 36 44 1
21.07142857142857 0 67 0 0
21.07142857142857 3 36 0 0
21.071428571428573 2 51 0 0
21.071428571428573 2 53 0 0
21.071428571428573 2 55 0 0
21.071428571428573 2 56 0 0
21.071428571428573 2 60 0 0
21.071428571428573 0 79 44 1
21.071428571428573 3 37 44 1
21.25 1 63 0 0
21.25 0 79 0 0
21.25 3 37 0 0
21.25 0 75 44 1
21.25 1 60 44 1
21.25 3 36 44 1
21.428571428571427 0 75 0 0
21.428571428571427 3 36 0 0
21.42857142857143 0 72 44 1
21.42857142857143 1 63 44 1
21.42857142857143 2 51 88 1
21.42857142857143 2 53 88 1
21.42857142857143 2 55 88 1
21.42857142857143 2 56 88 1
21.42857142857143 2 60 88 1
21.42857142857143 3 48 44 1
21.607142857142858 1 60 0 0
21.607142857142858 0 72 0 0
21.607142857142858 3 48 0 0
21.607142857142858 0 71 44 1
21.607142857142858 3 49 44 1
21.785714285714285 0 71 0 0
21.785714285714285 3 49 0 0
21.785714285714285 0 72 44 1
21.785714285714285 3 48 44 1
21.96428571428571 0 72 0 0
21.96428571428571 3 48 0 0
21.964285714285715 1 63 0 0
21.964285714285715 0 70 44 1
21.964285714285715 1 64 44 1
21.964285714285715 3 48 44 1
22.142857142857142 0 70 0 0
22.142857142857142 3 48 0 0
22.142857142857142 0 69 44 1
22.142857142857142 3 49 44 1
22.142857142857146 2 51 0 0
22.142857142857146 2 53 0 0
22.142857142857146 2 55 0 0
22.142857142857146 2 56 0 0
22.142857142857146 2 60 0 0
22.32142857142857 0 69 0 0
22.32142857142857 3 49 0 0
22.321428571428573 0 70 44 1
22.321428571428573 3 48 44 1
22.5 1 64 0 0
22.5 0 70 0 0
22.5 3 48 0 0
22.5 0 68 44 1
22.5 1 65 44 1
22.5 2 51 88 1
22.5 2 53 88 1
22.5 2 55 88 1
22.5 2 56 88 1
22.5 2 60 88 1
22.5 3 48 44 1
22.678571428571427 0 68 0 0
22.678571428571427 3 48 0 0
22.67857142857143 0 67 44 1
22.67857142857143 3 49 44 1
22.857142857142858 0 67 0 0
22.857142857142858 3 49 0 0
22.857142857142858 0 68 44 1
22.857142857142858 3 48 44 1
23.035714285714285 1 65 0 0
23.035714285714285 0 68 0 0
23.035714285714285 3 48 0 0
23.035714285714285 0 67 44 1
23.035714285714285 1 63 44 1
23.035714285714285 3 48 44 1
23.21428571428571 0 67 0 0
23.21428571428571 3 48 0 0
23.214285714285715 2 51 0 0
23.214285714285715 2 53 0 0
23.214285714285715 2 55 0 0
23.214285714285715 2 56 0 0
23.214285714285715 2 60 0 0
23.214285714285715 0 79 44 1
23.214285714285715 3 49 44 1
23.392857142857142 0 79 0 0
23.392857142857142 3 49 0 0
23.392857142857142 0 75 44 1
23.392857142857142 3 48 44 1
23.57142857142857 1 63 0 0
23.57142857142857 0 75 0 0
23.57142857142857 3 48 0 0
23.571428571428573 0 73 44 1
23.571428571428573 1 61 44 1
23.571428571428573 2 56 88 1
23.571428571428573 3 53 44 1
23.75 0 73 0 0
23.75 0 80 44 1
23.928571428571427 0 80 0 0
23.92857142857143 0 77 44 1
24.107142857142858 0 77 0 0
24.107142857142858 0 73 44 1
24.285714285714285 0 73 0 0
24.285714285714285 0 72 44 1
24.46428571428571 0 72 0 0
24.464285714285715 0 73 44 1
24.642857142857142 0 73 0 0
24.642857142857142 0 77 44 1
24.82142857142857 0 77 0 0
24.821428571428573 0 75 44 1
25.0 0 75 0 0
25.0 0 73 44 1
25.178571428571427 0 73 0 0
25.17857142857143 0 72 44 1
25.357142857142858 0 72 0 0
25.357142857142858 0 70 44 1
25.535714285714285 0 70 0 0
25.535714285714285 0 68 44 1
25.71428571428571 0 68 0 0
25.714285714285715 2 56 0 0
25.714285714285715 3 53 0 0
25.714285714285715 0 67 44 1
25.714285714285715 2 58 88 1
25.714285714285715 3 51 44 1
25.892857142857142 0 67 0 0
25.892857142857142 0 86 44 1
26.07142857142857 0 86 0 0
26.071428571428573 0 82 44 1
26.25 0 82 0 0
26.25 0 75 44 1
26.428571428571427 0 75 0 0
26.42857142857143 0 74 44 1
26.607142857142858 0 74 0 0
26.607142857142858 0 75 44 1
26.785714285714285 0 75 0 0
26.785714285714285 0 79 44 1
26.96428571428571 0 79 0 0
26.964285714285715 0 77 44 1
27.142857142857142 0 77 0 0
27.142857142857142 0 75 44 1
27.32142857142857 2 58 0 0
27.32142857142857 0 75 0 0
27.321428571428573 0 73 44 1
27.321428571428573 2 55 88 1
27.5 0 73 0 0
27.5 0 70 44 1
27.678571428571427 0 70 0 0
27.67857142857143 0 75 44 1
27.857142857142858 1 61 0 0
27.857142857142858 3 51 0 0
27.857142857142858 2 55 0 0
27.857142857142858 0 75 0 0
27.857142857142858 0 68 44 1
27.857142857142858 1 60 44 1
27.857142857142858 2 56 88 1
27.857142857142858 3 56 44 1
28.035714285714285 1 60 0 0
28.035714285714285 2 56 0 0
28.035714285714285 1 65 88 1
28.035714285714285 2 60 88 1
28.21428571428571 1 65 0 0
28.21428571428571 2 60 0 0
28.214285714285715 3 56 0 0
28.214285714285715 1 63 88 1
28.214285714285715 2 60 88 1
28.392857142857142 1 63 0 0
28.392857142857142 2 60 0 0
28.392857142857142 1 63 88 1
28.392857142857142 2 60 88 1
28.57142857142857 1 63 0 0
28.57142857142857 2 60 0 0
28.571428571428573 1 65 88 1
28.571428571428573 2 56 88 1
28.75 1 65 0 0
28.75 2 56 0 0
28.75 1 63 88 1
28.75 2 60 88 1
28.928571428571427 1 63 0 0
28.928571428571427 2 60 0 0
28.92857142857143 0 68 0 0
28.92857142857143 0 72 44 1
28.92857142857143 1 63 88 1
28.92857142857143 2 60 88 1
29.107142857142858 1 63 0 0
29.107142857142858 2 60 0 0
29.107142857142858 1 65 88 1
29.107142857142858 2 56 88 1
29.285714285714285 1 65 0 0
29.285714285714285 2 56 0 0
29.285714285714285 1 63 88 1
29.285714285714285 2 60 88 1
29.46428571428571 1 63 0 0
29.46428571428571 2 60 0 0
29.464285714285715 0 72 0 0
29.464285714285715 0 75 44 1
29.464285714285715 1 63 88 1
29.464285714285715 2 60 88 1
29.642857142857142 1 63 0 0
29.642857142857142 2 60 0 0
29.642857142857142 1 65 88 1
29.642857142857142 2 56 88 1
29.82142857142857 1 65 0 0
29.82142857142857 2 56 0 0
29.821428571428573 1 63 88 1
29.821428571428573 2 60 88 1
30.0 0 75 0 0
30.0 1 63 0 0
30.0 2 60 0 0
30.0 0 75 44 1
30.0 1 63 88 1
30.0 2 61 88 1
30.0 3 55 44 1
30.178571428571427 1 63 0 0
30.178571428571427 2 61 0 0
30.17857142857143 1 65 88 1
30.17857142857143 2 58 88 1
30.357142857142858 3 55 0 0
30.357142857142858 1 65 0 0
30.357142857142858 1 63 88 1
30.446428571428573 2 58 0 0
30.446428571428573 2 61 88 1
30.535714285714285 1 63 0 0
30.535714285714285 1 63 88 1
30.625 2 61 0 0
30.625 2 61 88 1
30.71428571428571 1 63 0 0
30.714285714285715 1 65 88 1
30.803571428571427 2 61 0 0
30.80357142857143 2 61 88 1
30.892857142857142 0 75 0 0
30.892857142857142 1 65 0 0
30.892857142857142 0 73 44 1
30.892857142857142 1 63 88 1
30.982142857142858 2 61 0 0
30.982142857142858 0 73 0 0
30.982142857142858 0 72 44 1
31.07142857142857 1 63 0 0
31.071428571428573 0 72 0 0
31.071428571428573 0 70 44 1
31.071428571428573 1 63 88 1
31.071428571428573 2 61 88 1
31.25 1 63 0 0
31.25 2 61 0 0
31.25 1 65 88 1
31.25 2 58 88 1
31.428571428571427 1 65 0 0
31.42857142857143 1 63 88 1
31.517857142857142 2 58 0 0
31.517857142857142 2 61 88 1
31.607142857142858 0 70 0 0
31.607142857142858 1 63 0 0
31.607142857142858 0 72 44 1
31.607142857142858 1 63 88 1
31.69642857142857 2 61 0 0
31.696428571428573 2 60 88 1
31.785714285714285 1 63 0 0
31.785714285714285 1 65 88 1
31.875 2 60 0 0
31.875 2 56 88 1
31.96428571428571 1 65 0 0
31.964285714285715 1 63 88 1
32.05357142857143 2 56 0 0
32.05357142857143 2 60 88 1
32.142857142857146 0 72 0 0
32.142857142857146 1 63 0 0
32.142857142857146 0 73 44 1
32.142857142857146 1 61 88 1
32.142857142857146 2 56 88 1
32.142857142857146 3 53 44 1
32.23214285714286 2 60 0 0
32.32142857142857 1 65 88 1
32.32142857142857 2 56 88 1
32.32142857142858 1 61 0 0
32.32142857142858 2 56 0 0
32.5 3 53 0 0
32.5 1 65 0 0
32.5 2 56 0 0
32.5 1 61 88 1
32.5 2 56 88 1
32.67857142857143 1 61 0 0
32.67857142857143 2 56 0 0
32.67857142857143 1 61 88 1
32.67857142857143 2 61 88 1
32.85714285714286 1 61 0 0
32.85714285714286 2 61 0 0
32.85714285714286 1 65 88 1
32.85714285714286 2 56 88 1
33.035714285714285 1 61 88 1
33.03571428571429 1 65 0 0
33.03571428571429 2 56 0 0
33.214285714285715 0 73 0 0
33.214285714285715 1 61 0 0
33.214285714285715 0 77 44 1
33.214285714285715 1 61 88 1
33.214285714285715 2 56 88 1
33.214285714285715 3 49 44 1
33.392857142857146 1 61 0 0
33.392857142857146 2 56 0 0
33.392857142857146 1 65 88 1
33.392857142857146 2 61 88 1
33.57142857142857 3 49 0 0
33.57142857142857 1 61 88 1
33.57142857142857 2 56 88 1
33.57142857142858 1 65 0 0
33.57142857142858 2 61 0 0
33.75 0 77 0 0
33.75 1 61 0 0
33.75 2 56 0 0
33.75 0 80 44 1
33.75 1 61 88 1
33.75 2 56 88 1
33.92857142857143 1 61 0 0
33.92857142857143 2 56 0 0
33.92857142857143 1 65 88 1
33.92857142857143 2 61 88 1
34.107142857142854 0 80 0 0
34.10714285714286 1 65 0 0
34.10714285714286 2 61 0 0
34.10714285714286 1 61 88 1
34.10714285714286 2 56 88 1
34.285714285714285 0 80 44 1
34.285714285714285 1 60 88 1
34.285714285714285 2 56 88 1
34.285714285714285 3 44 44 1
34.28571428571429 1 61 0 0
34.28571428571429 2 56 0 0
34.464285714285715 1 60 0 0
34.464285714285715 2 56 0 0
34.464285714285715 1 63 88 1
34.464285714285715 2 60 88 1
34.64285714285714 3 44 0 0
34.642857142857146 1 63 0 0
34.642857142857146 2 60 0 0
34.642857142857146 1 60 88 1
34.642857142857146 2 56 88 1
34.82142857142857 1 60 88 1
34.82142857142857 2 56 88 1
34.82142857142858 1 60 0 0
34.82142857142858 2 56 0 0
35.0 1 60 0 0
35.0 2 56 0 0
35.0 1 63 88 1
35.0 2 60 88 1
35.17857142857142 0 80 0 0
35.17857142857143 1 63 0 0
35.17857142857143 2 60 0 0
35.17857142857143 0 79 44 1
35.17857142857143 1 60 88 1
35.17857142857143 2 56 88 1
35.267857142857146 0 79 0 0
35.267857142857146 0 77 44 1
35.35714285714286 1 60 0 0
35.35714285714286 2 56 0 0
35.35714285714286 0 77 0 0
35.35714285714286 0 75 44 1
35.35714285714286 1 60 88 1
35.35714285714286 2 56 88 1
35.535714285714285 1 63 88 1
35.535714285714285 2 60 88 1
35.53571428571429 1 60 0 0
35.53571428571429 2 56 0 0
35.714285714285715 1 63 0 0
35.714285714285715 2 60 0 0
35.714285714285715 1 60 88 1
35.714285714285715 2 56 88 1
35.714285714285715 3 51 44 1
35.892857142857146 0 75 0 0
35.892857142857146 1 60 0 0
35.892857142857146 2 56 0 0
35.892857142857146 0 77 44 1
35.892857142857146 1 63 88 1
35.892857142857146 2 60 88 1
36.07142857142857 1 65 88 1
36.07142857142857 2 53 88 1
36.07142857142858 1 63 0 0
36.07142857142858 2 60 0 0
36.25 1 65 0 0
36.25 2 53 0 0
36.25 1 63 88 1
36.25 2 60 88 1
36.42857142857143 3 51 0 0
36.42857142857143 0 77 0 0
36.42857142857143 1 63 0 0
36.42857142857143 2 60 0 0
36.42857142857143 0 73 44 1
36.42857142857143 1 61 88 1
36.42857142857143 2 58 88 1
36.42857142857143 3 58 44 1
36.60714285714286 1 61 0 0
36.60714285714286 2 58 0 0
36.60714285714286 1 65 88 1
36.60714285714286 2 53 88 1
36.785714285714285 3 58 0 0
36.785714285714285 1 61 88 1
36.785714285714285 2 58 88 1
36.78571428571429 1 65 0 0
36.78571428571429 2 53 0 0
36.964285714285715 0 73 0 0
36.964285714285715 1 61 0 0
36.964285714285715 2 58 0 0
36.964285714285715 0 77 44 1
36.964285714285715 1 61 88 1
36.964285714285715 2 58 88 1
36.964285714285715 3 55 44 1
37.142857142857146 1 61 0 0
37.142857142857146 2 58 0 0
37.142857142857146 1 63 88 1
37.142857142857146 2 51 88 1
37.32142857142857 0 77 0 0
37.32142857142857 0 75 44 1
37.32142857142857 1 61 88 1
37.32142857142857 2 58 88 1
37.32142857142858 1 63 0 0
37.32142857142858 2 51 0 0
37.5 3 55 0 0
37.5 0 75 0 0
37.5 1 61 0 0
37.5 2 58 0 0
37.5 0 72 44 1
37.5 1 60 88 1
37.5 2 56 88 1
37.5 3 56 44 1
37.67857142857143 1 60 0 0
37.67857142857143 2 56 0 0
37.67857142857143 1 63 88 1
37.67857142857143 2 51 88 1
37.857142857142854 0 72 0 0
37.857142857142854 3 56 0 0
37.85714285714286 1 63 0 0
37.85714285714286 2 51 0 0
37.85714285714286 0 68 44 1
37.85714285714286 1 60 88 1
37.85714285714286 2 56 88 1
38.035714285714285 0 75 44 1
38.035714285714285 1 61 88 1
38.035714285714285 2 56 88 1
38.035714285714285 3 53 44 1
38.03571428571429 0 68 0 0
38.03571428571429 1 60 0 0
38.03571428571429 2 56 0 0
38.214285714285715 1 61 0 0
38.214285714285715 2 56 0 0
38.214285714285715 1 65 88 1
38.214285714285715 2 53 88 1
38.39285714285714 0 75 0 0
38.392857142857146 1 65 0 0
38.392857142857146 2 53 0 0
38.392857142857146 0 73 44 1
38.392857142857146 1 60 88 1
38.392857142857146 2 56 88 1
38.57142857142857 3 53 0 0
38.57142857142857 0 72 44 1
38.57142857142857 1 60 88 1
38.57142857142857 3 51 44 1
38.57142857142858 0 73 0 0
38.57142857142858 1 60 0 0
38.75 2 56 0 0
38.75 1 60 0 0
38.75 1 63 88 1
38.75 2 51 88 1
38.92857142857143 1 63 0 0
38.92857142857143 1 60 88 1
39.017857142857146 2 51 0 0
39.017857142857146 2 56 88 1
39.10714285714286 1 60 0 0
39.10714285714286 1 60 88 1
39.19642857142857 2 56 88 1
39.19642857142858 2 56 0 0
39.285714285714285 0 72 0 0
39.285714285714285 1 63 88 1
39.28571428571429 1 60 0 0
39.375 2 56 0 0
39.375 2 51 88 1
39.464285714285715 1 63 0 0
39.464285714285715 1 60 88 1
39.642857142857146 2 51 0 0
39.642857142857146 1 60 0 0
39.642857142857146 0 70 44 1
39.642857142857146 1 58 88 1
39.642857142857146 2 55 88 1
39.642857142857146 2 56 88 1
39.82142857142857 0 75 44 1
39.82142857142857 1 63 88 1
39.82142857142857 2 51 88 1
39.82142857142858 0 70 0 0
39.82142857142858 1 58 0 0
39.82142857142858 2 55 0 0
39.82142857142858 2 56 0 0
40.0 3 51 0 0
40.0 0 75 0 0
40.0 1 63 0 0
40.0 0 77 44 1
40.0 1 58 88 1
40.089285714285715 2 51 0 0
40.089285714285715 2 55 88 1
40.17857142857143 0 77 0 0
40.17857142857143 1 58 0 0
40.17857142857143 0 75 44 1
40.17857142857143 1 61 88 1
40.267857142857146 2 55 0 0
40.267857142857146 2 58 88 1
40.35714285714286 0 75 0 0
40.35714285714286 1 61 0 0
40.35714285714286 0 77 44 1
40.35714285714286 1 63 88 1
40.44642857142857 2 51 88 1
40.44642857142858 2 58 0 0
40.535714285714285 0 79 44 1
40.535714285714285 1 61 88 1
40.53571428571429 0 77 0 0
40.53571428571429 1 63 0 0
40.625 2 51 0 0
40.625 2 58 88 1
40.714285714285715 0 79 0 0
40.714285714285715 1 61 0 0
40.714285714285715 0 80 44 1
40.714285714285715 1 60 44 1
40.714285714285715 2 56 88 1
40.714285714285715 3 68 44 1
40.80357142857143 2 58 0 0
40.892857142857146 1 60 0 0
40.892857142857146 2 56 0 0
40.892857142857146 1 75 44 1
40.892857142857146 2 72 88 1
41.07142857142857 1 75 44 1
41.07142857142857 2 72 88 1
41.07142857142858 1 75 0 0
41.07142857142858 2 72 0 0
41.25 1 75 0 0
41.25 2 72 0 0
41.25 1 75 44 1
41.25 2 72 88 1
41.42857142857143 3 68 0 0
41.42857142857143 1 75 0 0
41.42857142857143 2 72 0 0
41.42857142857143 1 77 44 1
41.42857142857143 2 68 88 1
41.60714285714286 1 77 0 0
41.60714285714286 2 68 0 0
41.60714285714286 1 75 44 1
41.60714285714286 2 72 88 1
41.785714285714285 0 80 0 0
41.785714285714285 0 84 44 1
41.785714285714285 1 75 44 1
41.785714285714285 2 72 88 1
41.785714285714285 3 68 44 1
41.78571428571429 1 75 0 0
41.78571428571429 2 72 0 0
41.964285714285715 1 75 0 0
41.964285714285715 2 72 0 0
41.964285714285715 1 77 44 1
41.964285714285715 2 68 88 1
42.142857142857146 1 77 0 0
42.142857142857146 2 68 0 0
42.142857142857146 1 75 44 1
42.142857142857146 2 72 88 1
42.32142857142857 0 84 0 0
42.32142857142857 0 87 44 1
42.32142857142857 1 75 44 1
42.32142857142857 2 72 88 1
42.32142857142858 1 75 0 0
42.32142857142858 2 72 0 0
42.5 1 75 0 0
42.5 2 72 0 0
42.5 1 77 44 1
42.5 2 68 88 1
42.67857142857143 1 77 0 0
42.67857142857143 2 68 0 0
42.67857142857143 1 75 44 1
42.67857142857143 2 72 88 1
42.857142857142854 3 68 0 0
42.857142857142854 0 87 0 0
42.85714285714286 1 75 0 0
42.85714285714286 2 72 0 0
42.85714285714286 0 87 44 1
42.85714285714286 1 75 44 1
42.85714285714286 2 73 88 1
42.85714285714286 3 67 44 1
43.035714285714285 1 77 44 1
43.035714285714285 2 70 88 1
43.03571428571429 1 75 0 0
43.03571428571429 2 73 0 0
43.214285714285715 1 77 0 0
43.214285714285715 2 70 0 0
43.214285714285715 1 75 44 1
43.214285714285715 2 73 88 1
43.392857142857146 1 75 0 0
43.392857142857146 2 73 0 0
43.392857142857146 1 75 44 1
43.392857142857146 2 73 88 1
43.57142857142857 1 77 44 1
43.57142857142857 2 70 88 1
43.57142857142858 3 67 0 0
43.57142857142858 1 75 0 0
43.57142857142858 2 73 0 0
43.75 0 87 0 0
43.75 1 77 0 0
43.75 2 70 0 0
43.75 0 85 44 1
43.75 1 75 44 1
43.75 2 73 88 1
43.839285714285715 0 85 0 0
43.839285714285715 0 84 44 1
43.92857142857143 1 75 0 0
43.92857142857143 2 73 0 0
43.92857142857143 0 84 0 0
43.92857142857143 0 82 44 1
43.92857142857143 1 75 44 1
43.92857142857143 2 73 88 1
43.92857142857143 3 67 44 1
44.10714285714286 1 75 0 0
44.10714285714286 1 77 44 1
44.285714285714285 2 73 0 0
44.285714285714285 1 75 44 1
44.285714285714285 2 70 88 1
44.28571428571429 1 77 0 0
44.464285714285715 0 82 0 0
44.464285714285715 3 67 0 0
44.464285714285715 1 75 0 0
44.464285714285715 0 84 44 1
44.464285714285715 1 75 44 1
44.464285714285715 3 66 44 1
44.64285714285714 2 70 0 0
44.642857142857146 1 75 0 0
44.642857142857146 1 77 44 1
44.642857142857146 2 73 88 1
44.82142857142857 1 75 44 1
44.82142857142858 1 77 0 0
45.0 0 84 0 0
45.0 3 66 0 0
45.0 2 73 0 0
45.0 1 75 0 0
45.0 0 85 44 1
45.0 1 73 44 1
45.0 2 68 88 1
45.0 3 65 44 1
45.17857142857143 1 73 0 0
45.17857142857143 2 68 0 0
45.17857142857143 1 77 44 1
45.17857142857143 2 73 88 1
45.35714285714286 1 77 0 0
45.35714285714286 2 73 0 0
45.35714285714286 1 73 44 1
45.35714285714286 2 68 88 1
45.535714285714285 1 73 44 1
45.535714285714285 2 68 88 1
45.53571428571429 1 73 0 0
45.53571428571429 2 68 0 0
45.714285714285715 1 73 0 0
45.714285714285715 2 68 0 0
45.714285714285715 1 77 44 1
45.714285714285715 2 73 88 1
45.892857142857146 1 77 0 0
45.892857142857146 2 73 0 0
45.892857142857146 1 73 44 1
45.892857142857146 2 68 88 1
46.07142857142857 0 85 0 0
46.07142857142857 3 65 0 0
46.07142857142857 0 89 44 1
46.07142857142857 1 73 44 1
46.07142857142857 2 68 88 1
46.07142857142857 3 61 44 1
46.07142857142858 1 73 0 0
46.07142857142858 2 68 0 0
46.25 1 73 0 0
46.25 2 68 0 0
46.25 1 77 44 1
46.25 2 73 88 1
46.42857142857143 1 77 0 0
46.42857142857143 2 73 0 0
46.42857142857143 1 73 44 1
46.42857142857143 2 68 88 1
46.607142857142854 0 89 0 0
46.60714285714286 1 73 0 0
46.60714285714286 2 68 0 0
46.60714285714286 0 92 44 1
46.60714285714286 1 73 44 1
46.60714285714286 2 68 88 1
46.785714285714285 1 77 44 1
46.785714285714285 2 73 88 1
46.78571428571429 1 73 0 0
46.78571428571429 2 68 0 0
46.964285714285715 1 77 0 0
46.964285714285715 2 73 0 0
46.964285714285715 1 73 44 1
46.964285714285715 2 68 88 1
47.14285714285714 3 61 0 0
47.142857142857146 0 92 0 0
47.142857142857146 1 73 0 0
47.142857142857146 2 68 0 0
47.142857142857146 0 92 44 1
47.142857142857146 1 72 44 1
47.142857142857146 2 68 88 1
47.142857142857146 3 56 44 1
47.32142857142857 1 75 44 1
47.32142857142857 2 72 88 1
47.32142857142858 1 72 0 0
47.32142857142858 2 68 0 0
47.5 1 75 0 0
47.5 1 72 44 1
47.589285714285715 2 72 0 0
47.589285714285715 2 68 88 1
47.67857142857143 1 72 0 0
47.67857142857143 1 72 44 1
47.767857142857146 2 68 0 0
47.767857142857146 2 68 88 1
47.85714285714286 1 72 0 0
47.85714285714286 1 75 44 1
47.94642857142857 2 72 88 1
47.94642857142858 2 68 0 0
48.035714285714285 0 92 0 0
48.035714285714285 0 91 44 1
48.035714285714285 1 72 44 1
48.03571428571429 1 75 0 0
48.125 2 72 0 0
48.125 0 91 0 0
48.125 0 89 44 1
48.125 2 68 88 1
48.214285714285715 3 56 0 0
48.214285714285715 1 72 0 0
48.214285714285715 0 89 0 0
48.214285714285715 0 87 44 1
48.214285714285715 1 72 44 1
48.214285714285715 2 68 88 1
48.214285714285715 3 68 44 1
48.30357142857143 2 68 0 0
48.392857142857146 1 72 0 0
48.392857142857146 2 68 0 0
48.392857142857146 1 75 44 1
48.392857142857146 2 72 88 1
48.57142857142857 1 72 44 1
48.57142857142857 2 68 88 1
48.57142857142858 1 75 0 0
48.57142857142858 2 72 0 0
48.75 0 87 0 0
48.75 3 68 0 0
48.75 1 72 0 0
48.75 2 68 0 0
48.75 0 89 44 1
48.75 1 75 44 1
48.75 2 72 88 1
48.75 3 69 44 1
48.92857142857143 1 75 0 0
48.92857142857143 2 72 0 0
48.92857142857143 1 77 44 1
48.92857142857143 2 65 88 1
49.10714285714286 1 77 0 0
49.10714285714286 2 65 0 0
49.10714285714286 1 75 44 1
49.10714285714286 2 72 88 1
49.285714285714285 0 89 0 0
49.285714285714285 3 69 0 0
49.285714285714285 0 85 44 1
49.285714285714285 1 73 44 1
49.285714285714285 2 70 88 1
49.285714285714285 3 70 44 1
49.28571428571429 1 75 0 0
49.28571428571429 2 72 0 0
49.464285714285715 1 73 0 0
49.464285714285715 2 70 0 0
49.464285714285715 1 77 44 1
49.464285714285715 2 65 88 1
49.64285714285714 3 70 0 0
49.642857142857146 1 77 0 0
49.642857142857146 2 65 0 0
49.642857142857146 1 73 44 1
49.642857142857146 2 70 88 1
49.642857142857146 3 67 44 1
49.82142857142857 0 85 0 0
49.82142857142857 0 89 44 1
49.82142857142857 1 73 44 1
49.82142857142857 2 70 88 1
49.82142857142858 1 73 0 0
49.82142857142858 2 70 0 0
50.0 1 73 0 0
50.0 2 70 0 0
50.0 1 75 44 1
50.0 2 63 88 1
50.17857142857142 0 89 0 0
50.17857142857143 3 67 0 0
50.17857142857143 1 75 0 0
50.17857142857143 2 63 0 0
50.17857142857143 0 87 44 1
50.17857142857143 1 73 44 1
50.17857142857143 2 70 88 1
50.35714285714286 0 87 0 0
50.35714285714286 1 73 0 0
50.35714285714286 2 70 0 0
50.35714285714286 0 84 44 1
50.35714285714286 1 72 44 1
50.35714285714286 2 68 88 1
50.35714285714286 3 68 44 1
50.535714285714285 1 75 44 1
50.535714285714285 2 63 88 1
50.53571428571429 1 72 0 0
50.53571428571429 2 68 0 0
50.714285714285715 0 84 0 0
50.714285714285715 1 75 0 0
50.714285714285715 2 63 0 0
50.714285714285715 0 80 44 1
50.714285714285715 1 72 44 1
50.714285714285715 2 68 88 1
50.892857142857146 3 68 0 0
50.892857142857146 0 80 0 0
50.892857142857146 1 72 0 0
50.892857142857146 2 68 0 0
50.892857142857146 0 87 44 1
50.892857142857146 1 73 44 1
50.892857142857146 2 68 88 1
50.892857142857146 3 65 44 1
51.07142857142857 1 77 44 1
51.07142857142857 2 65 88 1
51.07142857142858 1 73 0 0
51.07142857142858 2 68 0 0
51.25 0 87 0 0
51.25 1 77 0 0
51.25 2 65 0 0
51.25 0 85 44 1
51.25 1 73 44 1
51.25 2 68 88 1
51.42857142857143 3 65 0 0
51.42857142857143 0 85 0 0
51.42857142857143 1 73 0 0
51.42857142857143 2 68 0 0
51.42857142857143 0 84 44 1
51.42857142857143 1 72 44 1
51.42857142857143 2 68 88 1
51.42857142857143 3 63 44 1
51.60714285714286 1 72 0 0
51.60714285714286 2 68 0 0
51.60714285714286 1 75 44 1
51.60714285714286 2 63 88 1
51.785714285714285 1 72 44 1
51.785714285714285 2 68 88 1
51.78571428571429 1 75 0 0
51.78571428571429 2 63 0 0
51.964285714285715 1 72 0 0
51.964285714285715 2 68 0 0
51.964285714285715 1 72 44 1
51.964285714285715 2 68 88 1
52.142857142857146 3 63 0 0
52.142857142857146 1 72 0 0
52.142857142857146 2 68 0 0
52.142857142857146 1 75 44 1
52.142857142857146 2 63 88 1
52.32142857142857 2 68 88 1
52.32142857142858 2 63 0 0
52.410714285714285 1 72 44 1
52.41071428571429 1 75 0 0
52.5 0 84 0 0
52.5 2 68 0 0
52.5 0 83 44 1
52.5 1 71 44 1
52.5 2 68 88 1
52.5 3 63 44 1
52.589285714285715 1 72 0 0
52.67857142857143 1 71 0 0
52.67857142857143 2 68 0 0
52.67857142857143 1 71 44 1
52.67857142857143 2 63 88 1
52.85714285714286 1 71 0 0
52.85714285714286 2 63 0 0
52.85714285714286 1 70 44 1
52.85714285714286 2 68 88 1
53.035714285714285 0 83 0 0
53.035714285714285 0 82 44 1
53.035714285714285 1 75 44 1
53.035714285714285 2 67 88 1
53.03571428571429 1 70 0 0
53.03571428571429 2 68 0 0
53.214285714285715 3 63 0 0
53.214285714285715 2 67 0 0
53.214285714285715 2 63 88 1
53.30357142857143 1 75 0 0
53.30357142857143 1 70 44 1
53.392857142857146 2 63 0 0
53.392857142857146 2 67 88 1
53.48214285714286 1 70 0 0
53.57142857142857 0 82 0 0
53.57142857142857 0 81 44 1
53.57142857142857 1 69 44 1
53.57142857142857 2 66 88 1
53.57142857142857 3 63 44 1
53.57142857142858 2 67 0 0
53.75 1 69 0 0
53.75 2 66 0 0
53.75 1 72 44 1
53.75 2 63 88 1
53.92857142857143 2 63 0 0
53.92857142857143 2 66 88 1
54.017857142857146 1 72 0 0
54.017857142857146 1 69 44 1
54.107142857142854 0 81 0 0
54.10714285714286 2 66 0 0
54.10714285714286 0 82 44 1
54.10714285714286 2 66 88 1
54.19642857142857 1 69 44 1
54.19642857142858 1 69 0 0
54.285714285714285 2 63 88 1
54.28571428571429 2 66 0 0
54.375 1 69 0 0
54.375 1 72 44 1
54.464285714285715 0 82 0 0
54.464285714285715 2 63 0 0
54.464285714285715 0 84 44 1
54.464285714285715 2 66 88 1
54.55357142857143 1 72 0 0
54.55357142857143 1 69 44 1
54.64285714285714 3 63 0 0
54.642857142857146 2 66 0 0
54.642857142857146 0 87 44 1
54.642857142857146 1 65 44 1
54.642857142857146 2 65 88 1
54.642857142857146 3 61 44 1
54.73214285714286 1 69 0 0
54.82142857142857 0 84 0 0
54.82142857142857 1 70 44 1
54.82142857142857 2 61 88 1
54.82142857142858 1 65 0 0
54.82142857142858 2 65 0 0
55.0 0 87 0 0
55.0 1 70 0 0
55.0 2 61 0 0
55.0 0 85 44 1
55.0 1 65 44 1
55.0 2 61 88 1
55.17857142857143 3 61 0 0
55.17857142857143 0 85 0 0
55.17857142857143 1 65 0 0
55.17857142857143 2 61 0 0
55.17857142857143 0 84 44 1
55.17857142857143 1 65 44 1
55.17857142857143 2 61 88 1
55.17857142857143 3 49 44 1
55.35714285714286 1 65 0 0
55.35714285714286 2 61 0 0
55.35714285714286 1 70 44 1
55.35714285714286 2 65 88 1
55.535714285714285 0 84 0 0
55.535714285714285 0 82 44 1
55.535714285714285 1 65 44 1
55.535714285714285 2 61 88 1
55.53571428571429 1 70 0 0
55.53571428571429 2 65 0 0
55.714285714285715 3 49 0 0
55.714285714285715 1 65 0 0
55.714285714285715 2 61 0 0
55.714285714285715 0 80 44 1
55.714285714285715 1 63 44 1
55.714285714285715 2 60 88 1
55.714285714285715 3 51 44 1
55.89285714285714 0 82 0 0
55.892857142857146 1 63 0 0
55.892857142857146 2 60 0 0
55.892857142857146 1 68 44 1
55.892857142857146 2 63 88 1
56.07142857142857 1 63 44 1
56.07142857142857 2 60 88 1
56.07142857142858 1 68 0 0
56.07142857142858 2 63 0 0
56.25 1 63 0 0
56.25 2 60 0 0
56.25 1 63 44 1
56.25 2 60 88 1
56.42857142857143 0 80 0 0
56.42857142857143 3 51 0 0
56.42857142857143 1 63 0 0
56.42857142857143 2 60 0 0
56.42857142857143 1 68 44 1
56.42857142857143 2 63 88 1
56.60714285714286 1 68 0 0
56.60714285714286 2 63 0 0
56.60714285714286 1 63 44 1
56.60714285714286 2 60 88 1
56.785714285714285 0 79 44 1
56.785714285714285 1 63 44 1
56.785714285714285 2 58 88 1
56.785714285714285 3 51 44 1
56.78571428571429 1 63 0 0
56.78571428571429 2 60 0 0
56.964285714285715 1 63 0 0
56.964285714285715 2 58 0 0
56.964285714285715 1 67 44 1
56.964285714285715 2 63 88 1
57.14285714285714 3 51 0 0
57.142857142857146 1 67 0 0
57.142857142857146 2 63 0 0
57.142857142857146 1 63 44 1
57.142857142857146 2 58 88 1
57.32142857142857 0 79 0 0
57.32142857142857 0 87 44 1
57.32142857142857 1 73 44 1
57.32142857142857 2 67 88 1
57.32142857142857 3 55 44 1
57.32142857142858 1 63 0 0
57.32142857142858 2 58 0 0
57.5 1 73 0 0
57.5 2 67 0 0
57.5 1 75 44 1
57.5 2 63 88 1
57.67857142857142 0 87 0 0
57.67857142857142 3 55 0 0
57.67857142857143 1 75 0 0
57.67857142857143 2 63 0 0
57.67857142857143 1 73 44 1
57.67857142857143 2 67 88 1
57.85714285714286 1 73 0 0
57.85714285714286 2 67 0 0
57.85714285714286 0 87 44 1
57.85714285714286 1 72 44 1
57.85714285714286 2 68 88 1
57.85714285714286 3 55 44 1
58.035714285714285 1 75 44 1
58.035714285714285 2 63 88 1
58.03571428571429 1 72 0 0
58.03571428571429 2 68 0 0
58.214285714285715 3 55 0 0
58.214285714285715 1 75 0 0
58.214285714285715 2 63 0 0
58.214285714285715 1 72 44 1
58.214285714285715 2 68 88 1
58.214285714285715 3 63 44 1
58.392857142857146 0 87 0 0
58.392857142857146 1 72 0 0
58.392857142857146 2 68 0 0
58.392857142857146 0 84 44 1
58.392857142857146 1 72 44 1
58.392857142857146 2 68 88 1
58.57142857142857 1 75 44 1
58.57142857142857 2 63 88 1
58.57142857142858 1 72 0 0
58.57142857142858 2 68 0 0
58.75 3 63 0 0
58.75 1 75 0 0
58.75 2 63 0 0
58.75 1 72 44 1
58.75 2 68 88 1
58.92857142857143 0 84 0 0
58.92857142857143 1 72 0 0
58.92857142857143 2 68 0 0
58.92857142857143 0 83 44 1
58.92857142857143 1 71 44 1
58.92857142857143 2 68 88 1
58.92857142857143 3 63 44 1
59.10714285714286 1 71 0 0
59.10714285714286 2 68 0 0
59.10714285714286 1 75 44 1
59.10714285714286 2 63 88 1
59.285714285714285 1 71 44 1
59.285714285714285 2 68 88 1
59.28571428571429 1 75 0 0
59.28571428571429 2 63 0 0
59.464285714285715 0 83 0 0
59.464285714285715 1 71 0 0
59.464285714285715 2 68 0 0
59.464285714285715 0 82 44 1
59.464285714285715 1 70 44 1
59.464285714285715 2 67 88 1
59.642857142857146 1 70 0 0
59.642857142857146 2 67 0 0
59.642857142857146 1 75 44 1
59.642857142857146 2 63 88 1
59.82142857142857 1 70 44 1
59.82142857142857 2 67 88 1
59.82142857142858 1 75 0 0
59.82142857142858 2 63 0 0
60.0 3 63 0 0
60.0 0 82 0 0
60.0 1 70 0 0
60.0 2 67 0 0
60.0 0 81 44 1
60.0 1 69 44 1
60.0 2 66 88 1
60.0 3 63 44 1
60.17857142857143 1 69 0 0
60.17857142857143 2 66 0 0
60.17857142857143 1 72 44 1
60.17857142857143 2 63 88 1
60.35714285714286 1 72 0 0
60.35714285714286 2 63 0 0
60.35714285714286 1 69 44 1
60.35714285714286 2 66 88 1
60.535714285714285 0 81 0 0
60.535714285714285 0 82 44 1
60.535714285714285 1 69 44 1
60.535714285714285 2 66 88 1
60.53571428571429 1 69 0 0
60.53571428571429 2 66 0 0
60.714285714285715 1 69 0 0
60.714285714285715 2 66 0 0
60.714285714285715 1 72 44 1
60.714285714285715 2 63 88 1
60.89285714285714 0 82 0 0
60.892857142857146 1 72 0 0
60.892857142857146 2 63 0 0
60.892857142857146 0 84 44 1
60.892857142857146 1 69 44 1
60.892857142857146 2 66 88 1
61.07142857142857 3 63 0 0
61.07142857142857 0 89 44 1
61.07142857142857 1 65 44 1
61.07142857142857 2 65 88 1
61.07142857142857 3 61 44 1
61.07142857142858 0 84 0 0
61.07142857142858 1 69 0 0
61.07142857142858 2 66 0 0
61.25 1 65 0 0
61.25 2 65 0 0
61.25 1 70 44 1
61.25 2 61 88 1
61.42857142857142 0 89 0 0
61.42857142857142 3 61 0 0
61.42857142857143 1 70 0 0
61.42857142857143 2 61 0 0
61.42857142857143 0 85 44 1
61.42857142857143 1 65 44 1
61.42857142857143 2 65 88 1
61.42857142857143 3 49 44 1
61.60714285714286 0 85 0 0
61.60714285714286 1 65 0 0
61.60714285714286 2 65 0 0
61.60714285714286 0 84 44 1
61.60714285714286 1 65 44 1
61.60714285714286 2 61 88 1
61.785714285714285 1 70 44 1
61.785714285714285 2 65 88 1
61.78571428571429 1 65 0 0
61.78571428571429 2 61 0 0
61.964285714285715 3 49 0 0
61.964285714285715 0 84 0 0
61.964285714285715 1 70 0 0
61.964285714285715 2 65 0 0
61.964285714285715 0 72 44 1
61.964285714285715 0 82 44 1
61.964285714285715 1 65 44 1
61.964285714285715 2 61 88 1
62.142857142857146 1 65 0 0
62.142857142857146 2 61 0 0
62.142857142857146 0 80 44 1
62.142857142857146 1 63 44 1
62.142857142857146 2 60 88 1
62.142857142857146 3 51 44 1
62.32142857142857 0 72 0 0
62.32142857142857 0 82 0 0
62.32142857142857 1 68 44 1
62.32142857142857 2 63 88 1
62.32142857142858 1 63 0 0
62.32142857142858 2 60 0 0
62.5 1 68 0 0
62.5 2 63 0 0
62.5 1 63 44 1
62.5 2 60 88 1
62.67857142857143 1 63 0 0
62.67857142857143 2 60 0 0
62.67857142857143 1 63 44 1
62.67857142857143 2 60 88 1
62.85714285714286 1 63 0 0
62.85714285714286 2 60 0 0
62.85714285714286 1 68 44 1
62.85714285714286 2 63 88 1
63.035714285714285 1 63 44 1
63.035714285714285 2 60 88 1
63.03571428571429 1 68 0 0
63.03571428571429 2 63 0 0
63.214285714285715 0 80 0 0
63.214285714285715 1 63 0 0
63.214285714285715 2 60 0 0
63.214285714285715 0 75 44 1
63.214285714285715 1 63 44 1
63.214285714285715 2 58 88 1
63.392857142857146 1 63 0 0
63.392857142857146 2 58 0 0
63.392857142857146 1 67 44 1
63.392857142857146 2 63 88 1
63.57142857142857 1 63 44 1
63.57142857142857 2 58 88 1
63.57142857142858 1 67 0 0
63.57142857142858 2 63 0 0
63.75 1 63 0 0
63.75 2 58 0 0
63.75 1 63 44 1
63.75 2 58 88 1
63.92857142857143 1 63 0 0
63.92857142857143 2 58 0 0
63.92857142857143 1 67 44 1
63.92857142857143 2 63 88 1
64.10714285714286 1 67 0 0
64.10714285714286 2 63 0 0
64.10714285714286 1 63 44 1
64.10714285714286 2 58 88 1
64.28571428571429 3 51 0 0
64.28571428571429 0 75 0 0
64.28571428571429 1 63 0 0
64.28571428571429 2 58 0 0
64.28571428571429 0 68 44 1
64.28571428571429 1 70 44 1
64.28571428571429 1 74 44 1
64.28571428571429 2 51 88 1
64.28571428571429 2 53 88 1
64.28571428571429 2 55 88 1
64.28571428571429 2 56 88 1
64.28571428571429 2 58 88 1
64.28571428571429 2 59 88 1
64.28571428571429 3 56 44 1
64.375 3 56 0 0
64.375 3 56 44 1
64.46428571428571 3 56 0 0
64.46428571428572 3 55 44 1
64.55357142857143 3 55 0 0
64.55357142857143 3 55 44 1
64.64285714285714 3 55 0 0
64.64285714285714 3 56 44 1
64.64285714285715 0 68 0 0
64.64285714285715 1 70 0 0
64.64285714285715 1 74 0 0
64.73214285714285 3 56 0 0
64.73214285714286 3 56 44 1
64.82142857142857 3 56 0 0
64.82142857142857 3 44 44 1
64.82142857142857 3 55 44 1
65.0 2 51 0 0
65.0 2 53 0 0
65.0 2 55 0 0
65.0 2 56 0 0
65.0 2 58 0 0
65.0 2 59 0 0
65.17857142857143 3 44 0 0
65.17857142857143 3 55 0 0
65.17857142857143 3 44 44 1
65.17857142857143 3 44 44 1
65.17857142857143 3 44 44 1
65.17857142857143 3 46 44 1
65.17857142857143 3 55 44 1
65.35714285714286 1 63 44 1
65.35714285714286 1 68 44 1
65.35714285714286 2 48 88 1
65.35714285714286 2 51 88 1
65.35714285714286 2 53 88 1
65.35714285714286 2 55 88 1
65.35714285714286 2 56 88 1
65.35714285714286 2 58 88 1
65.35714285714286 2 59 88 1
65.53571428571429 3 44 0 0
65.53571428571429 3 44 0 0
65.53571428571429 3 44 0 0
65.53571428571429 3 46 0 0
65.53571428571429 3 55 0 0
66.07142857142857 1 63 0 0
66.07142857142857 1 68 0 0
66.07142857142857 2 48 0 0
66.07142857142857 2 51 0 0
66.07142857142857 2 53 0 0
66.07142857142857 2 55 0 0
66.07142857142857 2 56 0 0
66.07142857142857 2 58 0 0
66.07142857142857 2 59 0 0
66.42857142857143 0 56 54 1
66.42857142857143 1 63 54 1
66.42857142857143 2 51 54 1
66.42857142857143 2 53 54 1
66.42857142857143 2 55 54 1
66.42857142857143 2 56 54 1
66.42857142857143 2 59 54 1
66.42857142857143 3 56 54 1
66.51785714285714 0 56 0 0
66.51785714285714 0 58 54 1
66.60714285714285 0 58 0 0
66.60714285714286 3 56 0 0
66.60714285714286 0 59 54 1
66.60714285714286 3 51 54 1
66.69642857142857 0 59 0 0
66.69642857142857 0 61 54 1
66.78571428571428 0 61 0 0
66.78571428571429 3 51 0 0
66.78571428571429 0 63 54 1
66.875 0 63 0 0
66.875 0 65 54 1
66.96428571428571 0 65 0 0
66.96428571428572 0 67 54 1
66.96428571428572 3 51 54 1
67.05357142857143 0 67 0 0
67.05357142857143 0 68 54 1
67.14285714285714 2 51 0 0
67.14285714285714 2 53 0 0
67.14285714285714 2 55 0 0
67.14285714285714 2 56 0 0
67.14285714285714 2 59 0 0
67.14285714285714 0 68 0 0
67.14285714285714 0 70 54 1
67.14285714285714 3 47 54 1
67.14285714285715 3 51 0 0
67.23214285714285 0 70 0 0
67.23214285714286 0 71 54 1
67.32142857142857 3 47 0 0
67.32142857142857 0 71 0 0
67.32142857142857 0 73 54 1
67.41071428571428 0 73 0 0
67.41071428571429 0 75 54 1
67.5 1 63 0 0
67.5 0 75 0 0
67.5 0 77 54 1
67.5 1 63 54 1
67.5 2 55 54 1
67.5 2 58 54 1
67.5 2 60 54 1
67.5 3 47 54 1
67.58928571428571 0 77 0 0
67.58928571428572 0 79 44 1
67.67857142857143 3 47 0 0
67.67857142857143 0 79 0 0
67.67857142857143 0 80 44 1
67.67857142857143 3 44 54 1
67.76785714285714 0 80 0 0
67.76785714285714 0 82 44 1
67.85714285714285 0 82 0 0
67.85714285714286 3 44 0 0
67.85714285714286 0 83 44 1
67.94642857142857 0 83 0 0
67.94642857142857 0 85 44 1
68.03571428571428 0 85 0 0
68.03571428571429 0 87 44 1
68.03571428571429 3 44 54 1
68.125 0 87 0 0
68.125 0 89 44 1
68.21428571428571 2 55 0 0
68.21428571428571 2 58 0 0
68.21428571428571 2 60 0 0
68.21428571428571 0 89 0 0
68.21428571428572 3 44 0 0
68.21428571428572 0 91 44 1
68.21428571428572 3 56 54 1
68.30357142857143 0 91 0 0
68.30357142857143 0 92 44 1
68.39285714285714 0 92 0 0
68.39285714285714 0 94 44 1
68.39285714285715 3 56 0 0
68.48214285714285 0 94 0 0
68.48214285714286 0 92 44 1
68.57142857142857 1 63 0 0
68.57142857142857 0 92 0 0
68.57142857142857 0 90 54 1
68.57142857142857 1 66 54 1
68.57142857142857 1 70 54 1
68.57142857142857 1 74 54 1
68.57142857142857 1 75 54 1
68.57142857142857 2 51 54 1
68.57142857142857 2 53 54 1
68.57142857142857 2 55 54 1
68.57142857142857 2 62 54 1
68.57142857142857 2 65 54 1
68.57142857142857 3 58 54 1
68.66071428571428 3 58 0 0
68.66071428571429 3 58 54 1
68.75 3 58 0 0
68.75 3 56 54 1
68.83928571428571 3 56 0 0
68.83928571428572 3 57 54 1
68.92857142857143 0 90 0 0
68.92857142857143 3 57 0 0
68.92857142857143 3 58 54 1
69.01785714285714 3 58 0 0
69.01785714285714 3 58 54 1
69.10714285714285 3 58 0 0
69.10714285714286 3 57 54 1
69.28571428571428 1 66 0 0
69.28571428571428 1 70 0 0
69.28571428571428 1 74 0 0
69.28571428571428 1 75 0 0
69.28571428571428 2 51 0 0
69.28571428571428 2 53 0 0
69.28571428571428 2 55 0 0
69.28571428571428 2 62 0 0
69.28571428571428 2 65 0 0
69.28571428571429 3 57 0 0
69.28571428571429 3 57 54 1
69.46428571428572 3 57 0 0
69.46428571428572 3 58 54 1
69.64285714285714 1 66 54 1
69.64285714285714 1 70 54 1
69.64285714285714 1 74 54 1
69.64285714285714 1 75 54 1
69.64285714285714 2 53 54 1
69.64285714285714 2 55 54 1
69.64285714285714 2 58 54 1
69.64285714285714 2 62 54 1
69.64285714285714 2 65 54 1
69.64285714285714 3 58 54 1
69.64285714285715 3 58 0 0
69.82142857142857 3 58 0 0
69.82142857142857 3 50 54 1
69.82142857142857 3 50 54 1
69.82142857142857 3 57 54 1
70.0 3 50 0 0
70.0 3 50 0 0
70.0 3 57 0 0
70.0 3 57 54 1
70.17857142857143 3 57 0 0
70.35714285714285 1 66 0 0
70.35714285714285 1 70 0 0
70.35714285714285 1 74 0 0
70.35714285714285 1 75 0 0
70.35714285714285 2 53 0 0
70.35714285714285 2 55 0 0
70.35714285714285 2 58 0 0
70.35714285714285 2 62 0 0
70.35714285714285 2 65 0 0
70.71428571428572 0 66 54 1
70.71428571428572 1 66 54 1
70.71428571428572 1 68 54 1
70.71428571428572 1 70 54 1
70.71428571428572 1 74 54 1
70.71428571428572 2 62 54 1
70.71428571428572 2 65 54 1
70.71428571428572 3 58 54 1
70.89285714285714 3 54 54 1
70.89285714285715 3 58 0 0
71.07142857142857 3 54 0 0
71.07142857142857 0 68 54 1
71.07142857142857 3 54 54 1
71.07142857142858 0 66 0 0
71.25 3 54 0 0
71.25 3 49 54 1
71.42857142857143 1 66 0 0
71.42857142857143 1 68 0 0
71.42857142857143 1 70 0 0
71.42857142857143 1 74 0 0
71.42857142857143 0 68 0 0
71.42857142857143 3 49 0 0
71.42857142857143 0 62 54 1
71.42857142857143 0 62 54 1
71.42857142857143 0 70 54 1
71.78571428571429 2 62 0 0
71.78571428571429 2 65 0 0
71.78571428571429 0 62 0 0
71.78571428571429 0 62 0 0
71.78571428571429 0 70 0 0
71.78571428571429 0 73 54 1
71.78571428571429 1 74 54 1
71.78571428571429 1 77 54 1
71.78571428571429 2 53 54 1
71.78571428571429 2 55 54 1
71.78571428571429 2 58 54 1
71.78571428571429 2 62 54 1
71.78571428571429 2 62 54 1
71.78571428571429 2 65 54 1
71.78571428571429 3 49 54 1
71.875 0 73 0 0
71.875 0 75 54 1
71.96428571428571 0 75 0 0
71.96428571428572 3 49 0 0
71.96428571428572 0 76 54 1
71.96428571428572 3 46 54 1
72.05357142857143 0 76 0 0
72.05357142857143 0 78 54 1
72.14285714285714 0 78 0 0
72.14285714285714 0 80 54 1
72.14285714285715 1 74 0 0
72.14285714285715 1 77 0 0
72.14285714285715 3 46 0 0
72.23214285714285 0 80 0 0
72.23214285714286 0 82 54 1
72.32142857142857 0 82 0 0
72.32142857142857 0 83 54 1
72.32142857142857 3 46 54 1
72.41071428571428 0 83 0 0
72.41071428571429 0 85 54 1
72.5 2 53 0 0
72.5 2 55 0 0
72.5 2 58 0 0
72.5 2 62 0 0
72.5 2 62 0 0
72.5 2 65 0 0
72.5 3 46 0 0
72.5 0 85 0 0
72.5 0 87 54 1
72.5 3 58 54 1
72.58928571428571 0 87 0 0
72.58928571428572 0 88 54 1
72.67857142857143 3 58 0 0
72.67857142857143 0 88 0 0
72.67857142857143 0 90 54 1
72.76785714285714 0 90 0 0
72.76785714285714 0 88 54 1
72.85714285714285 0 88 0 0
72.85714285714286 0 87 54 1
72.85714285714286 1 61 54 1
72.85714285714286 1 63 54 1
72.85714285714286 1 68 54 1
72.85714285714286 1 70 54 1
72.85714285714286 1 72 54 1
72.85714285714286 2 58 54 1
72.85714285714286 2 62 54 1
72.85714285714286 2 65 54 1
72.85714285714286 2 67 54 1
73.21428571428572 0 87 0 0
73.57142857142857 1 61 0 0
73.57142857142857 1 63 0 0
73.57142857142857 1 68 0 0
73.57142857142857 1 70 0 0
73.57142857142857 1 72 0 0
73.57142857142857 2 58 0 0
73.57142857142857 2 62 0 0
73.57142857142857 2 65 0 0
73.57142857142857 2 67 0 0
73.92857142857143 0 73 54 1
73.92857142857143 1 62 54 1
73.92857142857143 1 65 54 1
73.92857142857143 1 72 54 1
73.92857142857143 1 74 54 1
73.92857142857143 1 75 54 1
73.92857142857143 2 56 54 1
73.92857142857143 2 60 54 1
73.92857142857143 2 63 54 1
73.92857142857143 2 65 54 1
73.92857142857143 3 56 54 1
74.01785714285714 0 73 0 0
74.01785714285714 0 75 54 1
74.10714285714285 0 75 0 0
74.10714285714286 3 56 0 0
74.10714285714286 0 76 54 1
74.10714285714286 3 52 54 1
74.19642857142857 0 76 0 0
74.19642857142857 0 78 54 1
74.28571428571428 0 78 0 0
74.28571428571429 3 52 0 0
74.28571428571429 0 80 54 1
74.375 0 80 0 0
74.375 0 79 54 1
74.46428571428571 0 79 0 0
74.46428571428572 0 80 54 1
74.46428571428572 3 49 54 1
74.55357142857143 0 80 0 0
74.55357142857143 0 82 54 1
74.64285714285714 1 62 0 0
74.64285714285714 1 65 0 0
74.64285714285714 1 72 0 0
74.64285714285714 1 74 0 0
74.64285714285714 1 75 0 0
74.64285714285714 2 56 0 0
74.64285714285714 2 60 0 0
74.64285714285714 2 63 0 0
74.64285714285714 2 65 0 0
74.64285714285714 0 82 0 0
74.64285714285714 0 84 54 1
74.64285714285714 3 44 54 1
74.64285714285715 3 49 0 0
74.73214285714285 0 84 0 0
74.73214285714286 0 85 54 1
74.82142857142857 3 44 0 0
74.82142857142857 0 85 0 0
74.82142857142857 0 87 54 1
74.91071428571428 0 87 0 0
74.91071428571429 0 88 54 1
75.0 0 88 0 0
75.0 0 87 54 1
75.0 1 61 54 1
75.0 1 63 54 1
75.0 1 68 54 1
75.0 1 70 54 1
75.0 1 72 54 1
75.0 2 58 54 1
75.0 2 65 54 1
75.0 2 67 54 1
75.0 3 43 54 1
75.08928571428571 3 43 0 0
75.08928571428572 3 43 54 1
75.17857142857143 3 43 0 0
75.17857142857143 3 55 54 1
75.26785714285714 3 55 0 0
75.26785714285714 3 55 54 1
75.35714285714285 3 55 0 0
75.35714285714286 0 87 0 0
75.35714285714286 3 54 54 1
75.44642857142857 3 54 0 0
75.44642857142857 3 54 54 1
75.53571428571428 3 54 0 0
75.53571428571429 3 55 54 1
75.625 3 55 0 0
75.625 3 55 54 1
75.71428571428571 1 61 0 0
75.71428571428571 1 63 0 0
75.71428571428571 1 68 0 0
75.71428571428571 1 70 0 0
75.71428571428571 1 72 0 0
75.71428571428571 2 58 0 0
75.71428571428571 2 65 0 0
75.71428571428571 2 67 0 0
75.71428571428571 3 55 0 0
75.71428571428572 3 54 54 1
75.80357142857143 3 54 0 0
75.80357142857143 3 54 54 1
75.89285714285714 3 54 0 0
75.89285714285714 3 55 54 1
75.98214285714285 3 55 0 0
75.98214285714286 3 55 54 1
76.07142857142857 3 55 0 0
76.07142857142857 0 73 54 1
76.07142857142857 1 62 54 1
76.07142857142857 1 65 54 1
76.07142857142857 1 72 54 1
76.07142857142857 1 74 54 1
76.07142857142857 1 75 54 1
76.07142857142857 2 56 54 1
76.07142857142857 2 62 54 1
76.07142857142857 2 65 54 1
76.07142857142857 2 67 54 1
76.07142857142857 3 56 54 1
76.16071428571428 0 73 0 0
76.16071428571429 0 75 54 1
76.25 3 56 0 0
76.25 0 75 0 0
76.25 0 76 54 1
76.25 3 52 54 1
76.33928571428571 0 76 0 0
76.33928571428572 0 78 54 1
76.42857142857143 3 52 0 0
76.42857142857143 0 78 0 0
76.42857142857143 0 80 54 1
76.51785714285714 0 80 0 0
76.51785714285714 0 79 54 1
76.60714285714285 0 79 0 0
76.60714285714286 0 80 54 1
76.60714285714286 3 49 54 1
76.69642857142857 0 80 0 0
76.69642857142857 0 82 54 1
76.78571428571428 1 62 0 0
76.78571428571428 1 65 0 0
76.78571428571428 1 72 0 0
76.78571428571428 1 74 0 0
76.78571428571428 1 75 0 0
76.78571428571428 2 56 0 0
76.78571428571428 2 62 0 0
76.78571428571428 2 65 0 0
76.78571428571428 2 67 0 0
76.78571428571428 0 82 0 0
76.78571428571429 3 49 0 0
76.78571428571429 0 84 54 1
76.78571428571429 3 44 54 1
76.875 0 84 0 0
76.875 0 85 54 1
76.96428571428571 0 85 0 0
76.96428571428572 3 44 0 0
76.96428571428572 0 87 54 1
77.05357142857143 0 87 0 0
77.05357142857143 0 88 54 1
77.14285714285714 0 88 0 0
77.14285714285714 0 87 54 1
77.14285714285714 1 61 54 1
77.14285714285714 1 63 54 1
77.14285714285714 1 68 54 1
77.14285714285714 1 70 54 1
77.14285714285714 1 72 54 1
77.14285714285714 2 58 54 1
77.5 0 87 0 0
77.85714285714285 1 61 0 0
77.85714285714285 1 63 0 0
77.85714285714285 1 68 0 0
77.85714285714285 1 70 0 0
77.85714285714285 1 72 0 0
78.21428571428571 2 58 0 0
78.21428571428572 0 75 54 1
78.21428571428572 1 66 54 1
78.21428571428572 1 74 54 1
78.21428571428572 1 75 54 1
78.21428571428572 2 50 54 1
78.21428571428572 2 51 54 1
78.21428571428572 2 55 54 1
78.21428571428572 2 58 54 1
78.21428571428572 2 63 54 1
78.21428571428572 3 58 54 1
78.30357142857143 0 75 0 0
78.30357142857143 0 77 54 1
78.39285714285714 0 77 0 0
78.39285714285714 0 78 54 1
78.39285714285714 3 54 54 1
78.39285714285715 3 58 0 0
78.48214285714285 0 78 0 0
78.48214285714286 0 80 54 1
78.57142857142857 3 54 0 0
78.57142857142857 0 80 0 0
78.57142857142857 0 82 54 1
78.66071428571428 0 82 0 0
78.66071428571429 0 81 54 1
78.75 0 81 0 0
78.75 0 82 54 1
78.75 3 51 54 1
78.83928571428571 0 82 0 0
78.83928571428572 0 84 54 1
78.92857142857143 1 66 0 0
78.92857142857143 1 74 0 0
78.92857142857143 1 75 0 0
78.92857142857143 3 51 0 0
78.92857142857143 0 84 0 0
78.92857142857143 0 86 54 1
78.92857142857143 3 46 54 1
79.01785714285714 0 86 0 0
79.01785714285714 0 87 54 1
79.10714285714285 0 87 0 0
79.10714285714286 3 46 0 0
79.10714285714286 0 89 54 1
79.19642857142857 0 89 0 0
79.19642857142857 0 90 54 1
79.28571428571428 0 90 0 0
79.28571428571429 2 50 0 0
79.28571428571429 2 51 0 0
79.28571428571429 2 55 0 0
79.28571428571429 2 58 0 0
79.28571428571429 2 63 0 0
79.28571428571429 0 89 54 1
79.28571428571429 1 65 54 1
79.28571428571429 1 74 54 1
79.28571428571429 2 51 54 1
79.28571428571429 2 53 54 1
79.28571428571429 2 55 54 1
79.28571428571429 2 56 54 1
79.28571428571429 2 60 54 1
79.28571428571429 2 63 54 1
79.28571428571429 3 45 54 1
79.375 3 45 0 0
79.375 3 45 54 1
79.46428571428571 3 45 0 0
79.46428571428572 3 57 54 1
79.55357142857143 3 57 0 0
79.55357142857143 3 57 54 1
79.64285714285714 3 57 0 0
79.64285714285714 3 55 54 1
79.64285714285715 0 89 0 0
79.73214285714285 3 55 0 0
79.73214285714286 3 56 54 1
79.82142857142857 3 56 0 0
79.82142857142857 3 57 54 1
79.91071428571428 3 57 0 0
79.91071428571429 3 57 54 1
80.0 1 65 0 0
80.0 1 74 0 0
80.0 2 51 0 0
80.0 2 53 0 0
80.0 2 55 0 0
80.0 2 56 0 0
80.0 2 60 0 0
80.0 2 63 0 0
80.0 3 57 0 0
80.0 3 56 54 1
80.08928571428571 3 56 0 0
80.08928571428572 3 56 54 1
80.17857142857143 3 56 0 0
80.17857142857143 3 57 54 1
80.26785714285714 3 57 0 0
80.26785714285714 3 57 54 1
80.35714285714285 3 57 0 0
80.35714285714286 0 77 54 1
80.35714285714286 1 68 54 1
80.35714285714286 2 51 54 1
80.35714285714286 2 53 54 1
80.35714285714286 2 55 54 1
80.35714285714286 2 56 54 1
80.35714285714286 2 60 54 1
80.35714285714286 2 65 54 1
80.35714285714286 3 60 54 1
80.44642857142857 0 77 0 0
80.44642857142857 0 79 54 1
80.53571428571428 0 79 0 0
80.53571428571429 3 60 0 0
80.53571428571429 0 80 54 1
80.53571428571429 3 56 54 1
80.625 0 80 0 0
80.625 0 82 54 1
80.71428571428571 0 82 0 0
80.71428571428572 3 56 0 0
80.71428571428572 0 84 54 1
80.80357142857143 0 84 0 0
80.80357142857143 0 83 54 1
80.89285714285714 0 83 0 0
80.89285714285714 0 84 54 1
80.89285714285714 3 53 54 1
80.98214285714285 0 84 0 0
80.98214285714286 0 86 54 1
81.07142857142857 2 51 0 0
81.07142857142857 2 53 0 0
81.07142857142857 2 55 0 0
81.07142857142857 2 56 0 0
81.07142857142857 2 60 0 0
81.07142857142857 2 65 0 0
81.07142857142857 3 53 0 0
81.07142857142857 0 86 0 0
81.07142857142857 0 88 54 1
81.07142857142857 3 48 54 1
81.16071428571428 0 88 0 0
81.16071428571429 0 89 54 1
81.25 3 48 0 0
81.25 0 89 0 0
81.25 0 91 54 1
81.33928571428571 0 91 0 0
81.33928571428572 0 92 54 1
81.42857142857143 1 68 0 0
81.42857142857143 0 92 0 0
81.42857142857143 0 91 54 1
81.42857142857143 1 67 54 1
81.42857142857143 2 59 54 1
81.42857142857143 2 62 54 1
81.42857142857143 3 43 54 1
81.60714285714286 0 91 0 0
81.60714285714286 2 59 0 0
81.60714285714286 2 62 0 0
81.60714285714286 3 43 0 0
81.60714285714286 0 78 54 1
81.60714285714286 2 70 54 1
81.78571428571429 1 67 0 0
81.78571428571429 0 78 0 0
81.78571428571429 2 70 0 0
81.78571428571429 0 79 54 1
81.78571428571429 1 68 54 1
81.78571428571429 1 72 54 1
81.78571428571429 1 75 54 1
81.78571428571429 2 71 54 1
81.96428571428572 0 79 0 0
81.96428571428572 2 71 0 0
81.96428571428572 0 80 54 1
81.96428571428572 2 72 54 1
81.96428571428572 3 48 54 1
81.96428571428572 3 48 54 1
81.96428571428572 3 51 54 1
81.96428571428572 3 53 54 1
81.96428571428572 3 58 54 1
82.14285714285714 0 79 54 1
82.14285714285714 2 71 54 1
82.14285714285715 0 80 0 0
82.14285714285715 2 72 0 0
82.32142857142857 0 79 0 0
82.32142857142857 2 71 0 0
82.5 1 68 0 0
82.5 1 72 0 0
82.5 1 75 0 0
82.5 3 62 54 1
82.67857142857143 3 48 0 0
82.67857142857143 3 48 0 0
82.67857142857143 3 51 0 0
82.67857142857143 3 53 0 0
82.67857142857143 3 58 0 0
82.67857142857143 3 62 0 0
82.67857142857143 0 78 54 1
82.67857142857143 1 73 54 1
82.67857142857143 2 70 54 1
82.67857142857143 2 70 54 1
82.67857142857143 3 60 54 1
82.85714285714286 0 78 0 0
82.85714285714286 1 73 0 0
82.85714285714286 2 70 0 0
82.85714285714286 3 60 0 0
82.85714285714286 0 79 54 1
82.85714285714286 1 74 54 1
82.85714285714286 2 71 54 1
83.03571428571429 2 70 0 0
83.03571428571429 0 79 0 0
83.03571428571429 1 74 0 0
83.03571428571429 2 71 0 0
83.03571428571429 0 80 54 1
83.03571428571429 1 75 54 1
83.03571428571429 2 72 54 1
83.03571428571429 3 51 54 1
83.21428571428572 0 80 0 0
83.21428571428572 1 75 0 0
83.21428571428572 2 72 0 0
83.21428571428572 0 79 54 1
83.21428571428572 1 74 54 1
83.21428571428572 2 71 54 1
83.39285714285714 3 58 54 1
83.39285714285715 3 51 0 0
83.39285714285715 0 79 0 0
83.39285714285715 1 74 0 0
83.39285714285715 2 71 0 0
83.57142857142857 3 58 0 0
83.57142857142857 3 60 54 1
83.57142857142857 3 68 54 1
83.75 3 60 0 0
83.75 3 68 0 0
83.75 0 66 54 1
83.75 1 61 54 1
83.75 2 58 54 1
83.75 3 67 54 1
83.92857142857143 0 66 0 0
83.92857142857143 1 61 0 0
83.92857142857143 2 58 0 0
83.92857142857143 3 67 0 0
83.92857142857143 0 67 54 1
83.92857142857143 1 62 54 1
83.92857142857143 2 59 54 1
84.10714285714286 0 67 0 0
84.10714285714286 1 62 0 0
84.10714285714286 2 59 0 0
84.10714285714286 0 68 54 1
84.10714285714286 1 63 54 1
84.10714285714286 2 60 54 1
84.28571428571429 0 68 0 0
84.28571428571429 1 63 0 0
84.28571428571429 2 60 0 0
84.28571428571429 0 67 54 1
84.28571428571429 1 62 54 1
84.28571428571429 2 59 54 1
84.28571428571429 3 42 54 1
84.46428571428572 0 67 0 0
84.46428571428572 1 62 0 0
84.46428571428572 2 59 0 0
84.46428571428572 3 42 0 0
84.46428571428572 3 43 54 1
84.64285714285714 3 44 54 1
84.64285714285715 3 43 0 0
84.82142857142857 3 44 0 0
84.82142857142857 0 66 54 1
84.82142857142857 1 60 54 1
84.82142857142857 1 62 54 1
84.82142857142857 2 58 54 1
84.82142857142857 3 43 54 1
85.0 0 66 0 0
85.0 1 60 0 0
85.0 2 58 0 0
85.0 3 43 0 0
85.0 0 67 54 1
85.0 1 62 54 1
85.0 2 59 54 1
85.17857142857143 1 62 0 0
85.17857142857143 0 67 0 0
85.17857142857143 1 62 0 0
85.17857142857143 2 59 0 0
85.17857142857143 0 68 54 1
85.17857142857143 1 63 54 1
85.17857142857143 2 60 54 1
85.35714285714286 0 68 0 0
85.35714285714286 1 63 0 0
85.35714285714286 2 60 0 0
85.35714285714286 0 67 54 1
85.35714285714286 1 62 54 1
85.35714285714286 2 59 54 1
85.35714285714286 3 42 44 1
85.53571428571429 0 67 0 0
85.53571428571429 1 62 0 0
85.53571428571429 2 59 0 0
85.53571428571429 3 42 0 0
85.53571428571429 3 43 44 1
85.71428571428572 3 43 0 0
85.71428571428572 3 39 44 1
85.89285714285714 0 65 54 1
85.89285714285714 1 63 44 1
85.89285714285714 2 56 54 1
86.07142857142857 0 65 0 0
86.07142857142857 2 56 0 0
86.07142857142857 0 67 54 1
86.07142857142857 2 58 54 1
86.25 0 67 0 0
86.25 2 58 0 0
86.25 0 68 54 1
86.25 2 60 54 1
86.42857142857143 0 68 0 0
86.42857142857143 2 60 0 0
86.42857142857143 0 67 54 1
86.42857142857143 2 58 54 1
86.60714285714286 1 63 0 0
86.60714285714286 0 67 0 0
86.60714285714286 2 58 0 0
86.60714285714286 0 72 54 1
86.60714285714286 1 68 44 1
86.60714285714286 2 62 54 1
86.78571428571429 0 72 0 0
86.78571428571429 1 68 0 0
86.78571428571429 2 62 0 0
86.78571428571429 0 70 54 1
86.78571428571429 1 67 44 1
86.78571428571429 2 63 54 1
86.96428571428572 0 70 0 0
86.96428571428572 1 67 0 0
86.96428571428572 2 63 0 0
86.96428571428572 0 80 54 1
86.96428571428572 1 74 44 1
86.96428571428572 2 65 54 1
87.14285714285714 0 79 54 1
87.14285714285714 1 75 44 1
87.14285714285714 2 67 54 1
87.14285714285715 0 80 0 0
87.14285714285715 1 74 0 0
87.14285714285715 2 65 0 0
87.32142857142857 0 79 0 0
87.32142857142857 1 75 0 0
87.32142857142857 2 67 0 0
87.32142857142857 0 77 54 1
87.32142857142857 1 74 44 1
87.32142857142857 2 68 54 1
87.5 0 77 0 0
87.5 1 74 0 0
87.5 2 68 0 0
87.5 0 75 54 1
87.5 1 70 44 1
87.5 2 67 54 1
87.67857142857143 0 75 0 0
87.67857142857143 1 70 0 0
87.67857142857143 2 67 0 0
87.67857142857143 0 74 54 1
87.67857142857143 1 69 44 1
87.67857142857143 2 68 54 1
87.85714285714286 0 74 0 0
87.85714285714286 1 69 0 0
87.85714285714286 2 68 0 0
87.85714285714286 0 73 54 1
87.85714285714286 1 67 44 1
87.85714285714286 2 70 54 1
88.57142857142857 3 39 0 0
88.57142857142857 2 70 0 0
88.92857142857143 0 73 0 0
88.92857142857143 0 74 54 1
88.92857142857143 1 65 44 1
88.92857142857143 1 68 44 1
88.92857142857143 2 70 54 1
88.92857142857143 3 38 44 1
89.46428571428572 1 67 0 0
89.46428571428572 2 70 0 0
89.46428571428572 1 65 44 1
89.46428571428572 2 69 54 1
89.64285714285714 1 65 0 0
89.64285714285714 1 68 0 0
90.0 0 74 0 0
90.0 3 38 0 0
90.0 3 39 44 1
90.00000000000001 1 65 0 0
90.00000000000001 2 69 0 0
90.17857142857143 0 66 54 1
90.17857142857143 1 63 44 1
90.17857142857143 2 57 54 1
90.35714285714286 0 66 0 0
90.35714285714286 2 57 0 0
90.35714285714286 0 67 54 1
90.35714285714286 2 58 54 1
90.53571428571429 0 67 0 0
90.53571428571429 2 58 0 0
90.53571428571429 0 68 54 1
90.53571428571429 2 60 54 1
90.71428571428572 0 68 0 0
90.71428571428572 2 60 0 0
90.71428571428572 0 67 54 1
90.71428571428572 2 58 54 1
90.89285714285714 0 72 54 1
90.89285714285714 1 68 44 1
90.89285714285714 2 62 54 1
90.89285714285715 1 63 0 0
90.89285714285715 0 67 0 0
90.89285714285715 2 58 0 0
91.07142857142857 0 72 0 0
91.07142857142857 1 68 0 0
91.07142857142857 2 62 0 0
91.07142857142857 0 70 54 1
91.07142857142857 1 67 44 1
91.07142857142857 2 63 54 1
91.25 0 70 0 0
91.25 1 67 0 0
91.25 2 63 0 0
91.25 0 80 54 1
91.25 1 74 44 1
91.25 2 65 54 1
91.42857142857143 0 80 0 0
91.42857142857143 1 74 0 0
91.42857142857143 2 65 0 0
91.42857142857143 0 79 54 1
91.42857142857143 1 75 44 1
91.42857142857143 2 67 54 1
91.60714285714286 0 79 0 0
91.60714285714286 1 75 0 0
91.60714285714286 2 67 0 0
91.60714285714286 0 77 54 1
91.60714285714286 1 74 44 1
91.60714285714286 2 68 54 1
91.78571428571429 0 77 0 0
91.78571428571429 1 74 0 0
91.78571428571429 2 68 0 0
91.78571428571429 0 75 54 1
91.78571428571429 1 70 44 1
91.78571428571429 2 67 54 1
91.96428571428572 0 75 0 0
91.96428571428572 1 70 0 0
91.96428571428572 2 67 0 0
91.96428571428572 0 74 54 1
91.96428571428572 1 69 44 1
91.96428571428572 2 68 54 1
92.14285714285714 0 73 44 1
92.14285714285714 1 67 44 1
92.14285714285714 2 70 44 1
92.14285714285715 0 74 0 0
92.14285714285715 1 69 0 0
92.14285714285715 2 68 0 0
93.21428571428571 1 67 0 0
93.21428571428571 2 70 0 0
93.21428571428572 1 70 44 1
93.21428571428572 2 67 44 1
94.28571428571429 3 39 0 0
94.28571428571429 0 73 0 0
94.28571428571429 1 70 0 0
94.28571428571429 0 74 44 1
94.28571428571429 1 70 44 1
94.28571428571429 3 38 44 1
95.0 0 74 0 0
95.35714285714286 3 38 0 0
95.35714285714286 0 76 54 1
95.35714285714286 3 37 54 1
95.89285714285715 1 70 0 0
96.07142857142857 0 76 0 0
96.07142857142857 3 37 0 0
96.42857142857143 0 74 54 1
96.42857142857143 1 71 44 1
96.42857142857143 3 38 54 1
96.96428571428572 2 67 0 0
96.96428571428572 0 74 0 0
96.96428571428572 1 71 0 0
96.96428571428572 0 71 54 1
96.96428571428572 1 67 44 1
96.96428571428572 2 62 54 1
97.32142857142858 0 71 0 0
97.5 0 72 54 1
97.5 1 69 44 1
97.5 2 66 54 1
97.50000000000001 1 67 0 0
97.50000000000001 2 62 0 0
97.85714285714286 0 72 0 0
97.85714285714286 0 69 54 1
98.03571428571429 1 69 0 0
98.03571428571429 2 66 0 0
98.03571428571429 1 66 44 1
98.03571428571429 2 60 54 1
98.39285714285715 0 69 0 0
98.39285714285715 1 66 0 0
98.57142857142857 3 38 0 0
98.57142857142857 0 67 54 1
98.57142857142857 1 67 44 1
98.57142857142857 2 59 54 1
98.57142857142857 3 43 54 1
98.57142857142858 2 60 0 0
98.75 2 59 0 0
98.75 2 66 54 1
98.92857142857143 0 67 0 0
98.92857142857143 3 43 0 0
98.92857142857143 2 66 0 0
98.92857142857143 2 67 54 1
99.10714285714286 2 67 0 0
99.10714285714286 2 65 54 1
99.28571428571429 2 65 0 0
99.28571428571429 2 64 54 1
99.46428571428572 2 64 0 0
99.46428571428572 0 67 54 1
99.46428571428572 2 65 54 1
99.64285714285714 0 74 54 1
99.64285714285714 2 64 54 1
99.64285714285714 3 48 54 1
99.64285714285715 0 67 0 0
99.64285714285715 2 65 0 0
99.82142857142857 2 64 0 0
99.82142857142857 2 63 54 1
100.0 0 74 0 0
100.0 3 48 0 0
100.0 2 63 0 0
100.0 0 63 54 1
100.0 0 72 54 1
100.0 2 64 54 1
100.17857142857143 2 64 0 0
100.17857142857143 2 62 54 1
100.17857142857143 3 43 54 1
100.35714285714286 0 63 0 0
100.35714285714286 0 72 0 0
100.35714285714286 3 43 0 0
100.35714285714286 0 71 54 1
100.35714285714286 3 42 54 1
100.53571428571429 2 62 0 0
100.53571428571429 3 42 0 0
100.53571428571429 2 63 54 1
100.53571428571429 3 43 54 1
100.71428571428572 2 63 0 0
100.71428571428572 3 43 0 0
100.71428571428572 0 72 54 1
100.71428571428572 2 64 54 1
100.71428571428572 3 43 54 1
100.89285714285714 2 63 54 1
100.89285714285715 0 71 0 0
100.89285714285715 2 64 0 0
101.07142857142857 2 63 0 0
101.07142857142857 2 64 54 1
101.07142857142858 3 43 0 0
101.25 2 64 0 0
101.25 2 62 54 1
101.25 3 48 54 1
101.42857142857143 2 62 0 0
101.42857142857143 2 61 54 1
101.60714285714286 0 72 0 0
101.60714285714286 3 48 0 0
101.60714285714286 2 61 0 0
101.60714285714286 2 62 54 1
101.78571428571429 2 62 0 0
101.78571428571429 0 78 54 1
101.78571428571429 2 60 54 1
101.96428571428572 2 60 0 0
101.96428571428572 2 59 54 1
102.14285714285714 0 76 54 1
102.14285714285714 2 60 54 1
102.14285714285715 0 78 0 0
102.14285714285715 2 59 0 0
102.32142857142857 0 76 0 0
102.32142857142857 2 60 0 0
102.32142857142857 0 74 54 1
102.32142857142857 2 59 54 1
102.32142857142857 3 43 54 1
102.5 3 43 0 0
102.5 3 42 54 1
102.67857142857143 0 74 0 0
102.67857142857143 2 59 0 0
102.67857142857143 3 42 0 0
102.67857142857143 0 75 54 1
102.67857142857143 2 59 54 1
102.67857142857143 3 43 54 1
102.85714285714286 1 67 0 0
102.85714285714286 0 75 0 0
102.85714285714286 2 59 0 0
102.85714285714286 3 43 0 0
102.85714285714286 0 76 54 1
102.85714285714286 1 66 44 1
102.85714285714286 2 60 54 1
102.85714285714286 3 43 54 1
103.21428571428572 0 76 0 0
103.21428571428572 0 63 54 1
103.21428571428572 0 72 54 1
103.57142857142857 3 43 0 0
103.57142857142857 0 69 54 1
103.57142857142857 2 59 54 1
103.57142857142858 2 60 0 0
103.57142857142858 0 63 0 0
103.57142857142858 0 72 0 0
103.75 2 59 0 0
103.92857142857143 0 69 0 0
103.92857142857143 0 72 54 1
103.92857142857143 2 51 54 1
103.92857142857143 2 56 54 1
103.92857142857143 2 58 54 1
103.92857142857143 3 43 54 1
104.28571428571429 1 66 0 0
104.28571428571429 0 72 0 0
104.28571428571429 0 69 54 1
104.28571428571429 1 60 44 1
104.64285714285714 2 51 0 0
104.64285714285714 2 56 0 0
104.64285714285714 2 58 0 0
104.64285714285714 0 63 54 1
104.64285714285715 0 69 0 0
104.82142857142858 1 60 0 0
105.0 3 43 0 0
105.0 0 63 0 0
105.0 0 59 54 1
105.0 0 67 54 1
105.0 1 79 76 1
105.0 2 55 54 1
105.0 2 67 54 1
105.0 3 55 76 1
105.17857142857143 3 55 0 0
105.17857142857143 3 54 76 1
105.35714285714286 0 59 0 0
105.35714285714286 0 67 0 0
105.35714285714286 3 54 0 0
105.35714285714286 3 55 76 1
105.53571428571429 3 55 0 0
105.53571428571429 3 53 76 1
105.71428571428572 3 53 0 0
105.71428571428572 3 52 76 1
105.89285714285714 0 79 76 1
105.89285714285714 3 53 76 1
105.89285714285715 3 52 0 0
106.07142857142857 2 55 0 0
106.07142857142857 0 79 0 0
106.07142857142857 3 53 0 0
106.07142857142857 0 86 76 1
106.07142857142857 3 52 76 1
106.25 3 52 0 0
106.25 3 51 76 1
106.42857142857143 0 86 0 0
106.42857142857143 3 51 0 0
106.42857142857143 0 84 76 1
106.42857142857143 3 52 76 1
106.60714285714286 1 79 0 0
106.60714285714286 2 67 0 0
106.60714285714286 0 84 0 0
106.60714285714286 3 52 0 0
106.60714285714286 0 83 76 1
106.60714285714286 1 79 76 1
106.60714285714286 2 67 54 1
106.60714285714286 3 50 76 1
106.78571428571429 1 79 0 0
106.78571428571429 2 67 0 0
106.78571428571429 1 78 76 1
106.78571428571429 2 66 54 1
106.96428571428572 3 50 0 0
106.96428571428572 1 78 0 0
106.96428571428572 2 66 0 0
106.96428571428572 1 79 76 1
106.96428571428572 2 67 54 1
106.96428571428572 3 51 76 1
107.14285714285714 0 84 76 1
107.14285714285714 1 79 76 1
107.14285714285714 2 67 54 1
107.14285714285714 3 52 76 1
107.14285714285715 0 83 0 0
107.14285714285715 1 79 0 0
107.14285714285715 2 67 0 0
107.14285714285715 3 51 0 0
107.32142857142857 3 52 0 0
107.32142857142857 3 51 76 1
107.5 3 51 0 0
107.5 3 52 76 1
107.67857142857143 3 52 0 0
107.67857142857143 3 50 76 1
107.85714285714286 3 50 0 0
107.85714285714286 3 49 76 1
108.03571428571429 0 84 0 0
108.03571428571429 3 49 0 0
108.03571428571429 0 83 76 1
108.03571428571429 3 50 76 1
108.21428571428572 0 83 0 0
108.21428571428572 3 50 0 0
108.21428571428572 0 90 76 1
108.21428571428572 3 48 76 1
108.39285714285714 3 47 76 1
108.39285714285715 3 48 0 0
108.57142857142857 3 47 0 0
108.57142857142857 0 88 76 1
108.57142857142857 3 48 76 1
108.57142857142858 0 90 0 0
108.75 0 88 0 0
108.75 3 48 0 0
108.75 0 86 76 1
108.75 1 79 76 1
108.75 2 67 54 1
108.75 3 47 76 1
108.75000000000001 1 79 0 0
108.75000000000001 2 67 0 0
108.92857142857143 1 79 0 0
108.92857142857143 2 67 0 0
108.92857142857143 1 78 76 1
108.92857142857143 2 66 54 1
109.10714285714286 0 86 0 0
109.10714285714286 3 47 0 0
109.10714285714286 1 78 0 0
109.10714285714286 2 66 0 0
109.10714285714286 0 87 76 1
109.10714285714286 1 79 76 1
109.10714285714286 2 67 54 1
109.10714285714286 3 53 76 1
109.10714285714286 3 67 76 1
109.28571428571429 0 87 0 0
109.28571428571429 1 79 0 0
109.28571428571429 2 67 0 0
109.28571428571429 0 88 76 1
109.28571428571429 1 78 76 1
109.28571428571429 2 72 54 1
109.28571428571429 3 67 76 1
109.46428571428572 3 53 0 0
109.46428571428572 3 67 0 0
109.64285714285714 0 84 76 1
109.64285714285715 0 88 0 0
109.82142857142857 0 84 0 0
109.82142857142857 0 81 76 1
110.17857142857143 2 72 0 0
110.17857142857143 0 81 0 0
110.17857142857143 0 83 76 1
110.17857142857143 2 62 54 1
110.17857142857143 2 71 54 1
110.35714285714286 0 83 0 0
110.35714285714286 0 84 76 1
110.35714285714286 2 69 54 1
110.53571428571429 2 62 0 0
110.53571428571429 2 71 0 0
110.71428571428572 0 84 0 0
110.71428571428572 0 81 76 1
110.89285714285714 0 76 76 1
110.89285714285714 1 72 76 1
110.89285714285715 1 78 0 0
110.89285714285715 0 81 0 0
111.07142857142857 3 67 0 0
111.25 0 76 0 0
111.25 0 68 76 1
111.25 0 78 76 1
111.42857142857143 2 69 0 0
111.42857142857143 1 72 0 0
111.42857142857143 0 79 35 1
111.42857142857143 1 74 35 1
111.42857142857143 2 71 44 1
111.42857142857143 3 67 35 1
111.60714285714286 0 68 0 0
111.60714285714286 0 78 0 0
111.60714285714286 0 79 0 0
111.60714285714286 0 81 35 1
111.78571428571429 2 71 0 0
111.78571428571429 0 81 0 0
111.78571428571429 0 79 35 1
111.78571428571429 2 69 44 1
111.96428571428572 3 67 0 0
111.96428571428572 0 79 0 0
111.96428571428572 0 78 35 1
111.96428571428572 3 62 35 1
112.14285714285714 0 74 35 1
112.14285714285715 0 78 0 0
112.32142857142857 0 74 0 0
112.32142857142857 0 76 35 1
112.32142857142858 2 69 0 0
112.5 1 74 0 0
112.5 0 76 0 0
112.5 0 77 35 1
112.5 1 72 35 1
112.5 2 69 44 1
112.5 3 65 35 1
112.50000000000001 3 62 0 0
112.67857142857143 0 77 0 0
112.67857142857143 0 79 35 1
112.85714285714286 0 79 0 0
112.85714285714286 0 77 35 1
113.03571428571429 1 72 0 0
113.03571428571429 2 69 0 0
113.03571428571429 3 65 0 0
113.03571428571429 0 77 0 0
113.03571428571429 0 76 35 1
113.03571428571429 1 72 35 1
113.03571428571429 2 67 44 1
113.03571428571429 3 60 35 1
113.21428571428572 1 72 0 0
113.21428571428572 1 74 35 1
113.39285714285714 1 72 35 1
113.39285714285715 0 76 0 0
113.39285714285715 1 74 0 0
113.57142857142857 1 72 0 0
113.57142857142857 0 77 35 1
113.57142857142857 1 72 35 1
113.57142857142857 2 69 44 1
113.57142857142857 3 65 35 1
113.57142857142858 2 67 0 0
113.57142857142858 3 60 0 0
113.75 0 77 0 0
113.75 0 79 35 1
113.92857142857143 0 79 0 0
113.92857142857143 0 77 35 1
114.10714285714286 2 69 0 0
114.10714285714286 3 65 0 0
114.10714285714286 0 77 0 0
114.10714285714286 0 76 35 1
114.10714285714286 2 67 44 1
114.10714285714286 3 60 35 1
114.28571428571428 1 72 0 0
114.28571428571429 0 76 0 0
114.28571428571429 0 72 35 1
114.46428571428572 0 72 0 0
114.46428571428572 0 74 35 1
114.64285714285714 0 75 35 1
114.64285714285714 1 70 35 1
114.64285714285714 3 63 35 1
114.64285714285715 3 60 0 0
114.64285714285715 0 74 0 0
114.82142857142857 0 75 0 0
114.82142857142857 0 77 35 1
115.0 0 77 0 0
115.0 0 75 35 1
115.17857142857143 2 67 0 0
115.17857142857143 1 70 0 0
115.17857142857143 3 63 0 0
115.17857142857143 0 75 0 0
115.17857142857143 0 74 35 1
115.17857142857143 1 70 35 1
115.17857142857143 2 65 44 1
115.17857142857143 3 58 35 1
115.35714285714286 1 70 0 0
115.35714285714286 1 72 35 1
115.53571428571429 2 65 0 0
115.53571428571429 1 72 0 0
115.53571428571429 1 70 35 1
115.71428571428572 0 74 0 0
115.71428571428572 3 58 0 0
115.71428571428572 1 70 0 0
115.71428571428572 0 75 35 1
115.71428571428572 1 72 35 1
115.71428571428572 2 68 44 1
115.71428571428572 3 56 35 1
116.42857142857143 1 72 0 0
116.42857142857143 2 68 0 0
116.42857142857143 1 70 35 1
116.42857142857143 2 67 44 1
116.60714285714286 1 70 0 0
116.60714285714286 2 67 0 0
116.60714285714286 1 72 35 1
116.60714285714286 2 68 44 1
116.78571428571429 3 56 0 0
116.78571428571429 1 72 0 0
116.78571428571429 2 68 0 0
116.78571428571429 1 73 35 1
116.78571428571429 2 70 44 1
116.78571428571429 3 55 35 1
116.96428571428572 1 73 0 0
116.96428571428572 2 70 0 0
116.96428571428572 1 75 35 1
116.96428571428572 2 72 44 1
117.14285714285714 1 73 35 1
117.14285714285714 2 70 44 1
117.14285714285715 1 75 0 0
117.14285714285715 2 72 0 0
117.32142857142857 1 73 0 0
117.32142857142857 2 70 0 0
117.32142857142857 1 72 35 1
117.32142857142857 2 68 44 1
117.32142857142857 3 56 35 1
117.32142857142858 3 55 0 0
117.67857142857143 1 72 0 0
117.67857142857143 2 68 0 0
117.67857142857143 3 56 0 0
117.67857142857143 1 70 35 1
117.67857142857143 2 67 44 1
117.67857142857143 3 58 35 1
117.85714285714286 0 75 0 0
117.85714285714286 1 70 0 0
117.85714285714286 2 67 0 0
117.85714285714286 3 58 0 0
117.85714285714286 0 74 54 1
117.85714285714286 1 69 35 1
117.85714285714286 2 66 44 1
117.85714285714286 3 60 35 1
118.21428571428572 1 69 0 0
118.21428571428572 1 71 35 1
118.39285714285714 2 67 44 1
118.39285714285714 3 59 35 1
118.39285714285715 2 66 0 0
118.39285714285715 3 60 0 0
118.57142857142857 0 74 0 0
118.57142857142857 0 79 54 1
118.57142857142857 1 69 35 1
118.57142857142858 1 71 0 0
118.75 2 67 0 0
118.75 3 59 0 0
118.75 0 79 0 0
118.75 1 69 0 0
118.75 0 72 54 1
118.75 2 64 44 1
118.75 3 60 35 1
118.92857142857143 0 72 0 0
118.92857142857143 2 64 0 0
118.92857142857143 3 60 0 0
118.92857142857143 0 71 54 1
118.92857142857143 1 67 35 1
118.92857142857143 2 62 44 1
118.92857142857143 3 62 35 1
119.46428571428572 0 71 0 0
119.46428571428572 1 67 0 0
119.46428571428572 0 69 54 1
119.46428571428572 1 66 35 1
119.64285714285714 2 64 44 1
119.64285714285715 2 62 0 0
119.82142857142857 2 64 0 0
119.82142857142857 2 62 44 1
120.0 3 62 0 0
120.0 2 62 0 0
120.0 0 91 54 1
120.0 1 83 35 1
120.0 2 74 54 1
120.0 3 67 35 1
120.00000000000001 0 69 0 0
120.00000000000001 1 66 0 0
120.17857142857143 0 91 0 0
120.17857142857143 0 93 54 1
120.35714285714286 3 67 0 0
120.35714285714286 0 93 0 0
120.35714285714286 0 91 54 1
120.53571428571429 1 83 0 0
120.53571428571429 0 91 0 0
120.53571428571429 0 90 54 1
120.53571428571429 1 80 35 1
120.53571428571429 3 62 35 1
120.71428571428572 0 90 0 0
120.71428571428572 0 86 54 1
120.89285714285714 0 88 54 1
120.89285714285715 3 62 0 0
120.89285714285715 0 86 0 0
121.07142857142857 2 74 0 0
121.07142857142857 0 88 0 0
121.07142857142857 0 89 54 1
121.07142857142857 2 72 54 1
121.07142857142857 3 65 35 1
121.19047619047619 0 89 0 0
121.19047619047619 0 91 54 1
121.30952380952381 0 91 0 0
121.30952380952382 0 89 54 1
121.42857142857143 3 65 0 0
121.42857142857143 0 88 54 1
121.42857142857144 0 89 0 0
121.60714285714286 1 80 0 0
121.60714285714286 2 72 0 0
121.60714285714286 1 79 35 1
121.60714285714286 2 72 54 1
121.60714285714286 3 60 35 1
121.78571428571429 2 72 0 0
121.78571428571429 2 74 54 1
121.96428571428572 0 88 0 0
121.96428571428572 3 60 0 0
121.96428571428572 2 74 0 0
121.96428571428572 2 72 54 1
122.14285714285714 0 89 54 1
122.14285714285714 1 81 35 1
122.14285714285714 2 72 54 1
122.14285714285714 3 65 35 1
122.14285714285715 1 79 0 0
122.14285714285715 2 72 0 0
122.32142857142857 0 89 0 0
122.32142857142857 0 91 54 1
122.5 3 65 0 0
122.5 0 91 0 0
122.5 0 89 54 1
122.5 3 60 35 1
122.67857142857143 1 81 0 0
122.67857142857143 0 89 0 0
122.67857142857143 0 88 54 1
122.67857142857143 1 79 35 1
122.85714285714286 3 60 0 0
122.85714285714286 0 88 0 0
122.85714285714286 0 84 54 1
123.03571428571429 0 84 0 0
123.03571428571429 0 86 54 1
123.21428571428571 2 72 0 0
123.21428571428572 0 86 0 0
123.21428571428572 0 87 54 1
123.21428571428572 2 70 54 1
123.21428571428572 3 63 35 1
123.39285714285714 0 89 54 1
123.39285714285715 0 87 0 0
123.57142857142857 0 89 0 0
123.57142857142857 0 87 54 1
123.57142857142857 3 58 35 1
123.57142857142858 3 63 0 0
123.75 0 87 0 0
123.75 0 86 54 1
123.75 1 77 35 1
123.75 2 70 54 1
123.75000000000001 1 79 0 0
123.75000000000001 2 70 0 0
123.92857142857143 3 58 0 0
123.92857142857143 2 70 0 0
123.92857142857143 2 72 54 1
124.10714285714286 2 72 0 0
124.10714285714286 2 70 54 1
124.28571428571429 0 86 0 0
124.28571428571429 1 77 0 0
124.28571428571429 2 70 0 0
124.28571428571429 0 87 54 1
124.28571428571429 1 80 35 1
124.28571428571429 3 56 54 1
124.64285714285715 3 56 0 0
124.91071428571429 3 48 54 1
125.0 0 87 0 0
125.0 1 80 0 0
125.0 1 79 54 1
125.17857142857143 1 79 0 0
125.17857142857143 1 80 54 1
125.26785714285715 3 48 0 0
125.35714285714286 1 80 0 0
125.35714285714286 1 82 54 1
125.35714285714286 2 73 54 1
125.53571428571429 1 82 0 0
125.53571428571429 2 73 0 0
125.53571428571429 1 84 54 1
125.53571428571429 2 75 54 1
125.53571428571429 3 56 54 1
125.71428571428572 1 84 0 0
125.71428571428572 2 75 0 0
125.71428571428572 1 82 54 1
125.71428571428572 2 73 54 1
125.89285714285714 1 80 54 1
125.89285714285714 2 72 54 1
125.89285714285714 3 58 54 1
125.89285714285715 3 56 0 0
125.89285714285715 1 82 0 0
125.89285714285715 2 73 0 0
126.07142857142857 3 58 0 0
126.25 1 80 0 0
126.25 2 72 0 0
126.25 1 79 54 1
126.25 2 70 54 1
126.42857142857143 1 79 0 0
126.42857142857143 2 70 0 0
126.42857142857143 0 86 54 1
126.42857142857143 1 78 54 1
126.42857142857143 2 69 54 1
126.60714285714286 3 59 54 1
126.96428571428572 1 78 0 0
126.96428571428572 2 69 0 0
126.96428571428572 3 59 0 0
126.96428571428572 1 79 54 1
126.96428571428572 2 71 54 1
126.96428571428572 3 60 54 1
127.14285714285714 0 91 54 1
127.14285714285715 0 86 0 0
127.14285714285715 3 60 0 0
127.32142857142857 0 91 0 0
127.32142857142857 0 84 54 1
127.32142857142857 1 76 54 1
127.32142857142857 2 58 54 1
127.32142857142857 2 67 54 1
127.32142857142858 1 79 0 0
127.32142857142858 2 71 0 0
127.5 0 84 0 0
127.5 1 76 0 0
127.5 0 83 54 1
127.5 1 74 54 1
127.5 2 67 54 1
127.5 3 62 54 1
127.67857142857143 2 58 0 0
127.67857142857143 2 67 0 0
127.85714285714286 3 62 0 0
128.03571428571428 0 83 0 0
128.03571428571428 2 67 0 0
128.03571428571428 0 81 54 1
128.03571428571428 2 66 54 1
128.03571428571428 3 62 54 1
128.21428571428572 1 74 0 0
128.39285714285714 3 62 0 0
128.57142857142856 0 81 0 0
128.57142857142856 2 66 0 0
128.57142857142858 0 75 54 1
128.57142857142858 1 70 54 1
128.57142857142858 2 61 54 1
128.57142857142858 3 43 54 1
129.64285714285714 1 68 54 1
129.64285714285714 2 60 54 1
129.64285714285714 3 44 54 1
129.64285714285717 1 70 0 0
129.64285714285717 2 61 0 0
129.64285714285717 3 43 0 0
129.82142857142856 0 75 0 0
129.82142857142858 0 80 54 1
130.0 0 80 0 0
130.0 0 75 54 1
130.17857142857142 3 44 0 0
130.17857142857142 0 75 0 0
130.17857142857144 0 72 54 1
130.17857142857144 3 48 54 1
130.35714285714286 0 72 0 0
130.35714285714286 0 68 54 1
130.53571428571428 0 68 0 0
130.53571428571428 0 72 54 1
130.53571428571428 3 51 54 1
130.5357142857143 3 48 0 0
130.7142857142857 0 72 0 0
130.7142857142857 3 51 0 0
130.71428571428572 1 68 0 0
130.71428571428572 2 60 0 0
130.71428571428572 0 74 54 1
130.71428571428572 1 67 54 1
130.71428571428572 2 58 54 1
130.71428571428572 3 50 54 1
131.78571428571428 1 66 54 1
131.78571428571428 2 57 54 1
131.7857142857143 1 67 0 0
131.7857142857143 2 58 0 0
132.85714285714286 0 74 0 0
132.85714285714286 3 50 0 0
132.85714285714286 1 66 0 0
132.85714285714286 2 57 0 0
132.85714285714286 0 67 54 1
132.85714285714286 1 62 54 1
132.85714285714286 2 59 54 1
132.85714285714286 3 43 54 1
133.03571428571428 3 43 0 0
133.03571428571428 3 42 54 1
133.2142857142857 3 42 0 0
133.21428571428572 3 43 54 1
133.39285714285714 0 67 0 0
133.39285714285714 1 62 0 0
133.39285714285714 2 59 0 0
133.39285714285714 3 43 0 0
133.39285714285714 0 71 54 1
133.39285714285714 1 67 54 1
133.39285714285714 2 62 54 1
133.39285714285714 3 50 54 1
133.57142857142856 3 50 0 0
133.57142857142858 3 49 54 1
133.75 3 49 0 0
133.75 3 50 54 1
133.92857142857142 0 71 0 0
133.92857142857142 1 67 0 0
133.92857142857142 2 62 0 0
133.92857142857142 3 50 0 0
133.92857142857144 0 72 54 1
133.92857142857144 1 66 54 1
133.92857142857144 2 66 54 1
133.92857142857144 3 43 54 1
134.10714285714286 3 43 0 0
134.10714285714286 3 42 54 1
134.28571428571428 3 42 0 0
134.28571428571428 3 43 54 1
134.4642857142857 3 43 0 0
134.46428571428572 0 72 0 0
134.46428571428572 1 66 0 0
134.46428571428572 2 66 0 0
134.46428571428572 0 69 54 1
134.46428571428572 2 60 54 1
134.46428571428572 3 50 54 1
134.64285714285714 3 50 0 0
134.64285714285714 3 50 54 1
134.82142857142856 3 50 0 0
135.0 0 69 0 0
135.0 2 60 0 0
135.0 0 67 54 1
135.0 1 62 54 1
135.0 2 59 54 1
135.0 3 43 54 1
135.17857142857142 3 43 0 0
135.17857142857144 3 42 54 1
135.35714285714286 3 42 0 0
135.35714285714286 3 43 54 1
135.53571428571428 0 67 0 0
135.53571428571428 1 62 0 0
135.53571428571428 2 59 0 0
135.53571428571428 3 43 0 0
135.53571428571428 0 71 54 1
135.53571428571428 1 67 54 1
135.53571428571428 2 62 54 1
135.53571428571428 3 50 54 1
135.7142857142857 3 50 0 0
135.71428571428572 3 48 54 1
135.71428571428572 3 50 54 1
135.89285714285714 3 48 0 0
135.89285714285714 3 50 54 1
136.07142857142856 0 71 0 0
136.07142857142856 1 67 0 0
136.07142857142856 2 62 0 0
136.07142857142856 3 50 0 0
136.07142857142858 3 50 0 0
136.07142857142858 0 72 54 1
136.07142857142858 2 66 54 1
136.07142857142858 3 43 54 1
136.25 3 43 0 0
136.25 3 42 54 1
136.42857142857142 3 42 0 0
136.42857142857144 3 43 54 1
136.60714285714286 0 72 0 0
136.60714285714286 2 66 0 0
136.60714285714286 3 43 0 0
136.60714285714286 0 69 54 1
136.60714285714286 2 60 54 1
136.60714285714286 3 50 54 1
136.78571428571428 3 50 0 0
136.78571428571428 3 49 54 1
136.9642857142857 3 49 0 0
136.96428571428572 3 50 54 1
137.14285714285714 0 69 0 0
137.14285714285714 2 60 0 0
137.14285714285714 3 50 0 0
137.14285714285714 0 67 54 1
137.14285714285714 1 62 54 1
137.14285714285714 2 59 54 1
137.14285714285714 3 43 54 1
137.41071428571428 3 43 0 0
137.41071428571428 3 43 54 1
137.5892857142857 3 43 0 0
137.58928571428572 3 50 54 1
137.67857142857142 0 67 0 0
137.67857142857142 1 62 0 0
137.67857142857142 2 59 0 0
137.67857142857144 0 71 54 1
137.67857142857144 1 67 54 1
137.67857142857144 2 62 54 1
137.76785714285714 3 50 0 0
137.76785714285714 3 49 54 1
137.94642857142856 3 49 0 0
137.94642857142858 3 50 54 1
138.0357142857143 0 71 0 0
138.125 3 50 0 0
138.21428571428572 1 67 0 0
138.21428571428572 2 62 0 0
138.21428571428572 0 74 54 1
138.21428571428572 1 71 54 1
138.21428571428572 2 67 54 1
138.21428571428572 3 43 54 1
138.39285714285714 3 43 0 0
138.39285714285714 3 42 54 1
138.57142857142856 3 42 0 0
138.57142857142858 3 43 54 1
138.75 0 74 0 0
138.75 1 71 0 0
138.75 2 67 0 0
138.75 3 43 0 0
138.75 0 78 54 1
138.75 1 74 54 1
138.75 2 72 54 1
138.75 3 50 54 1
138.92857142857142 3 50 0 0
138.92857142857144 3 49 54 1
139.10714285714286 3 49 0 0
139.10714285714286 3 50 54 1
139.28571428571428 0 78 0 0
139.28571428571428 1 74 0 0
139.28571428571428 2 72 0 0
139.28571428571428 3 50 0 0
139.28571428571428 0 79 54 1
139.28571428571428 1 74 54 1
139.28571428571428 2 71 44 1
139.28571428571428 3 43 54 1
139.4642857142857 3 43 0 0
139.46428571428572 3 42 54 1
139.64285714285714 3 42 0 0
139.64285714285714 3 43 54 1
139.82142857142856 0 79 0 0
139.82142857142856 1 74 0 0
139.82142857142856 2 71 0 0
139.82142857142856 3 43 0 0
139.82142857142858 0 83 54 1
139.82142857142858 1 79 54 1
139.82142857142858 2 74 44 1
139.82142857142858 3 50 54 1
140.0 3 50 0 0
140.0 3 49 54 1
140.17857142857142 3 49 0 0
140.17857142857144 2 74 0 0
140.17857142857144 3 50 54 1
140.35714285714286 0 83 0 0
140.35714285714286 1 79 0 0
140.35714285714286 3 50 0 0
140.35714285714286 0 84 54 1
140.35714285714286 1 81 54 1
140.35714285714286 2 78 44 1
140.35714285714286 3 43 54 1
140.53571428571428 3 43 0 0
140.53571428571428 3 42 54 1
140.7142857142857 3 42 0 0
140.71428571428572 1 81 0 0
140.71428571428572 1 78 54 1
140.71428571428572 3 43 54 1
140.89285714285714 0 84 0 0
140.89285714285714 2 78 0 0
140.89285714285714 3 43 0 0
140.89285714285714 0 81 54 1
140.89285714285714 2 72 44 1
140.89285714285714 3 50 54 1
141.07142857142856 3 50 0 0
141.07142857142858 3 49 54 1
141.25 1 78 0 0
141.25 3 49 0 0
141.25 3 50 54 1
141.42857142857142 0 81 0 0
141.42857142857142 2 72 0 0
141.42857142857142 3 50 0 0
141.42857142857144 0 79 54 1
141.42857142857144 1 74 54 1
141.42857142857144 2 71 44 1
141.42857142857144 3 43 54 1
141.60714285714286 3 43 0 0
141.60714285714286 3 42 54 1
141.78571428571428 3 42 0 0
141.78571428571428 3 43 54 1
141.9642857142857 3 43 0 0
141.96428571428572 0 79 0 0
141.96428571428572 1 74 0 0
141.96428571428572 2 71 0 0
141.96428571428572 0 83 54 1
141.96428571428572 1 79 54 1
141.96428571428572 2 74 44 1
141.96428571428572 3 50 54 1
142.14285714285714 3 50 0 0
142.14285714285714 3 49 54 1
142.32142857142856 3 49 0 0
142.32142857142858 3 50 54 1
142.5 0 83 0 0
142.5 1 79 0 0
142.5 2 74 0 0
142.5 3 50 0 0
142.5 0 84 54 1
142.5 1 81 54 1
142.5 2 78 44 1
142.5 3 43 54 1
142.67857142857142 3 43 0 0
142.67857142857144 3 42 54 1
142.85714285714286 1 81 0 0
142.85714285714286 3 42 0 0
142.85714285714286 1 78 54 1
142.85714285714286 3 43 54 1
143.03571428571428 0 84 0 0
143.03571428571428 2 78 0 0
143.03571428571428 3 43 0 0
143.03571428571428 0 81 54 1
143.03571428571428 2 72 44 1
143.03571428571428 3 50 54 1
143.2142857142857 3 50 0 0
143.21428571428572 3 49 54 1
143.39285714285714 1 78 0 0
143.39285714285714 3 49 0 0
143.39285714285714 3 50 54 1
143.57142857142856 0 81 0 0
143.57142857142856 2 72 0 0
143.57142857142856 3 50 0 0
143.57142857142858 0 79 54 1
143.57142857142858 1 74 54 1
143.57142857142858 2 71 44 1
143.57142857142858 3 43 54 1
143.75 3 43 0 0
143.75 3 42 54 1
143.92857142857142 3 42 0 0
143.92857142857144 3 43 54 1
144.10714285714286 0 79 0 0
144.10714285714286 1 74 0 0
144.10714285714286 2 71 0 0
144.10714285714286 3 43 0 0
144.10714285714286 0 83 54 1
144.10714285714286 1 79 54 1
144.10714285714286 2 74 44 1
144.10714285714286 3 50 54 1
144.28571428571428 3 50 0 0
144.28571428571428 3 49 54 1
144.4642857142857 3 49 0 0
144.46428571428572 3 50 54 1
144.64285714285714 0 83 0 0
144.64285714285714 1 79 0 0
144.64285714285714 2 74 0 0
144.64285714285714 3 50 0 0
144.64285714285714 0 86 54 1
144.64285714285714 1 56 54 1
144.64285714285714 1 83 54 1
144.64285714285714 2 74 44 1
144.64285714285714 3 43 54 1
144.82142857142856 3 43 0 0
144.82142857142858 3 42 54 1
145.0 3 42 0 0
145.0 3 43 54 1
145.17857142857142 0 86 0 0
145.17857142857142 1 56 0 0
145.17857142857142 1 83 0 0
145.17857142857142 2 74 0 0
145.17857142857142 3 43 0 0
145.17857142857144 0 90 54 1
145.17857142857144 1 84 54 1
145.17857142857144 3 50 54 1
145.35714285714286 3 50 0 0
145.35714285714286 3 49 54 1
145.53571428571428 3 49 0 0
145.53571428571428 3 50 54 1
145.7142857142857 3 50 0 0
145.71428571428572 0 90 0 0
145.71428571428572 1 84 0 0
145.71428571428572 0 91 54 1
145.71428571428572 1 83 54 1
145.71428571428572 2 74 44 1
145.71428571428572 3 43 54 1
145.89285714285714 3 43 0 0
145.89285714285714 3 42 54 1
146.07142857142856 3 42 0 0
146.07142857142858 3 43 54 1
146.25 3 43 0 0
146.25 3 50 54 1
146.42857142857142 3 50 0 0
146.42857142857144 3 49 54 1
146.60714285714286 3 49 0 0
146.60714285714286 3 50 54 1
146.78571428571428 3 50 0 0
146.78571428571428 3 43 54 1
146.9642857142857 3 43 0 0
146.96428571428572 3 42 54 1
147.14285714285714 3 42 0 0
147.14285714285714 3 43 54 1
147.32142857142856 3 43 0 0
147.32142857142858 3 50 54 1
147.5 1 83 0 0
147.5 2 74 0 0
147.5 3 50 0 0
147.5 3 49 54 1
147.67857142857142 3 49 0 0
147.67857142857144 3 50 54 1
147.85714285714286 3 50 0 0
147.85714285714286 1 83 54 1
147.85714285714286 2 74 44 1
147.85714285714286 3 43 54 1
148.03571428571428 0 91 0 0
148.03571428571428 1 83 0 0
148.03571428571428 2 74 0 0
148.03571428571428 3 43 0 0
148.03571428571428 0 89 54 1
148.2142857142857 0 89 0 0
148.21428571428572 0 86 54 1
148.39285714285714 0 86 0 0
148.39285714285714 0 83 54 1
148.57142857142856 0 83 0 0
148.57142857142858 0 80 54 1
148.75 0 80 0 0
148.75 0 77 54 1
148.92857142857142 0 77 0 0
148.92857142857144 0 74 54 1
149.10714285714286 0 74 0 0
149.10714285714286 0 71 54 1
149.28571428571428 0 71 0 0
149.28571428571428 0 68 54 1
149.4642857142857 0 68 0 0
149.46428571428572 0 65 54 1
149.64285714285714 0 65 0 0
149.64285714285714 0 62 54 1
149.82142857142856 0 62 0 0
149.82142857142858 0 59 54 1
150.0 0 59 0 0
150.0 0 56 102 1
150.0 0 67 102 1
150.0 0 68 102 1
150.0 1 60 102 1
150.0 1 68 102 1
150.0 1 70 102 1
150.0 1 72 102 1
150.0 2 51 102 1
150.0 2 58 102 1
150.0 2 60 102 1
150.0 2 62 102 1
150.0 3 44 102 1
150.17857142857142 3 44 0 0
150.17857142857144 3 43 102 1
150.35714285714286 3 43 0 0
150.35714285714286 3 44 102 1
150.53571428571428 3 44 0 0
150.53571428571428 3 51 102 1
150.7142857142857 3 51 0 0
150.71428571428572 0 56 0 0
150.71428571428572 0 67 0 0
150.71428571428572 0 68 0 0
150.71428571428572 1 60 0 0
150.71428571428572 1 68 0 0
150.71428571428572 1 70 0 0
150.71428571428572 1 72 0 0
150.71428571428572 2 51 0 0
150.71428571428572 2 58 0 0
150.71428571428572 2 60 0 0
150.71428571428572 2 62 0 0
150.71428571428572 3 50 102 1
150.89285714285714 3 50 0 0
150.89285714285714 3 51 102 1
151.07142857142856 3 51 0 0
151.07142857142858 0 56 102 1
151.07142857142858 1 60 102 1
151.07142857142858 2 51 102 1
151.07142857142858 3 44 54 1
151.25 0 56 0 0
151.25 1 60 0 0
151.25 2 51 0 0
151.25 3 44 0 0
151.25 3 43 54 1
151.42857142857142 3 43 0 0
151.42857142857144 3 44 54 1
151.60714285714286 3 44 0 0
151.60714285714286 0 68 102 1
151.60714285714286 3 51 54 1
151.78571428571428 3 51 0 0
151.78571428571428 3 50 54 1
151.9642857142857 3 50 0 0
151.96428571428572 0 68 0 0
151.96428571428572 0 75 44 1
151.96428571428572 1 68 44 1
151.96428571428572 2 60 102 1
151.96428571428572 2 63 102 1
151.96428571428572 3 51 44 1
152.14285714285714 0 75 0 0
152.14285714285714 1 68 0 0
152.14285714285714 2 60 0 0
152.14285714285714 3 51 0 0
152.14285714285714 0 70 44 1
152.14285714285714 1 67 44 1
152.14285714285714 2 61 102 1
152.14285714285714 3 44 44 1
152.32142857142856 3 44 0 0
152.32142857142858 3 43 44 1
152.5 3 43 0 0
152.5 3 44 44 1
152.67857142857142 0 70 0 0
152.67857142857142 3 44 0 0
152.67857142857144 0 72 44 1
152.67857142857144 3 51 44 1
152.85714285714286 3 51 0 0
152.85714285714286 3 50 44 1
153.03571428571428 3 50 0 0
153.03571428571428 0 65 44 1
153.03571428571428 0 73 44 1
153.03571428571428 3 51 44 1
153.0357142857143 0 72 0 0
153.2142857142857 3 51 0 0
153.21428571428572 1 67 0 0
153.21428571428572 2 61 0 0
153.21428571428572 0 77 44 1
153.21428571428572 1 68 44 1
153.21428571428572 2 60 102 1
153.21428571428572 3 44 44 1
153.39285714285714 0 65 0 0
153.39285714285714 0 73 0 0
153.39285714285714 0 77 0 0
153.39285714285714 3 44 0 0
153.39285714285714 0 75 44 1
153.39285714285714 3 43 44 1
153.57142857142856 0 75 0 0
153.57142857142856 3 43 0 0
153.57142857142858 0 72 44 1
153.57142857142858 3 44 44 1
153.75 0 72 0 0
153.75 3 44 0 0
153.75 0 68 44 1
153.75 3 51 44 1
153.92857142857142 0 68 0 0
153.92857142857142 3 51 0 0
153.92857142857144 2 63 0 0
153.92857142857144 2 60 0 0
153.92857142857144 0 72 44 1
153.92857142857144 3 50 44 1
154.10714285714286 0 72 0 0
154.10714285714286 3 50 0 0
154.10714285714286 0 75 44 1
154.10714285714286 3 51 44 1
154.28571428571428 0 75 0 0
154.28571428571428 3 51 0 0
154.28571428571428 0 70 44 1
154.28571428571428 1 67 44 1
154.28571428571428 1 70 44 1
154.28571428571428 2 61 102 1
154.28571428571428 2 63 102 1
154.28571428571428 3 44 44 1
154.2857142857143 1 68 0 0
154.4642857142857 3 44 0 0
154.46428571428572 3 43 44 1
154.64285714285714 3 43 0 0
154.64285714285714 3 44 44 1
154.82142857142856 0 70 0 0
154.82142857142856 3 44 0 0
154.82142857142858 0 72 44 1
154.82142857142858 3 51 44 1
155.0 3 51 0 0
155.0 3 50 44 1
155.17857142857142 3 50 0 0
155.17857142857144 0 72 0 0
155.17857142857144 0 73 44 1
155.17857142857144 3 51 44 1
155.35714285714286 1 67 0 0
155.35714285714286 1 70 0 0
155.35714285714286 2 61 0 0
155.35714285714286 0 73 0 0
155.35714285714286 3 51 0 0
155.35714285714286 0 77 44 1
155.35714285714286 1 68 44 1
155.35714285714286 1 72 44 1
155.35714285714286 2 60 102 1
155.35714285714286 3 44 44 1
155.53571428571428 0 77 0 0
155.53571428571428 3 44 0 0
155.53571428571428 0 75 44 1
155.53571428571428 3 43 44 1
155.7142857142857 0 75 0 0
155.7142857142857 3 43 0 0
155.71428571428572 0 72 44 1
155.71428571428572 3 44 44 1
155.89285714285714 0 72 0 0
155.89285714285714 3 44 0 0
155.89285714285714 0 80 44 1
155.89285714285714 3 51 44 1
156.07142857142856 0 80 0 0
156.07142857142856 3 51 0 0
156.07142857142858 0 75 44 1
156.07142857142858 3 50 44 1
156.25 0 75 0 0
156.25 3 50 0 0
156.25 0 72 44 1
156.25 3 51 44 1
156.42857142857142 0 72 0 0
156.42857142857142 3 51 0 0
156.42857142857144 2 63 0 0
156.42857142857144 1 68 0 0
156.42857142857144 1 72 0 0
156.42857142857144 2 60 0 0
156.42857142857144 0 78 44 1
156.42857142857144 1 78 44 1
156.42857142857144 2 66 102 1
156.42857142857144 3 45 44 1
156.54761904761904 0 75 44 1
156.54761904761904 1 75 44 1
156.54761904761904 2 63 102 1
156.54761904761907 0 78 0 0
156.54761904761907 1 78 0 0
156.54761904761907 2 66 0 0
156.60714285714286 3 45 0 0
156.60714285714286 3 43 44 1
156.66666666666666 0 75 0 0
156.66666666666666 1 75 0 0
156.66666666666666 2 63 0 0
156.66666666666669 0 72 44 1
156.66666666666669 1 72 44 1
156.66666666666669 2 60 102 1
156.78571428571428 3 43 0 0
156.78571428571428 0 75 44 1
156.78571428571428 1 75 44 1
156.78571428571428 2 63 102 1
156.78571428571428 3 45 44 1
156.7857142857143 0 72 0 0
156.7857142857143 1 72 0 0
156.7857142857143 2 60 0 0
156.9642857142857 0 75 0 0
156.9642857142857 1 75 0 0
156.9642857142857 2 63 0 0
156.9642857142857 3 45 0 0
156.96428571428572 0 72 44 1
156.96428571428572 1 72 44 1
156.96428571428572 2 60 102 1
156.96428571428572 3 53 44 1
157.14285714285714 0 72 0 0
157.14285714285714 1 72 0 0
157.14285714285714 2 60 0 0
157.14285714285714 3 53 0 0
157.14285714285714 0 69 44 1
157.14285714285714 1 69 44 1
157.14285714285714 2 57 102 1
157.14285714285714 3 52 44 1
157.32142857142856 0 69 0 0
157.32142857142856 1 69 0 0
157.32142857142856 2 57 0 0
157.32142857142856 3 52 0 0
157.32142857142858 3 53 44 1
157.5 3 53 0 0
157.5 0 66 44 1
157.5 1 66 44 1
157.5 2 54 102 1
157.5 3 45 44 1
157.67857142857142 0 66 0 0
157.67857142857142 1 66 0 0
157.67857142857142 2 54 0 0
157.67857142857142 3 45 0 0
157.67857142857144 0 65 44 1
157.67857142857144 1 65 44 1
157.67857142857144 2 53 102 1
157.67857142857144 3 44 44 1
157.85714285714286 0 65 0 0
157.85714285714286 1 65 0 0
157.85714285714286 2 53 0 0
157.85714285714286 3 44 0 0
157.85714285714286 0 64 44 1
157.85714285714286 1 64 44 1
157.85714285714286 2 52 102 1
157.85714285714286 3 45 44 1
158.03571428571428 0 64 0 0
158.03571428571428 1 64 0 0
158.03571428571428 2 52 0 0
158.03571428571428 3 45 0 0
158.03571428571428 0 63 44 1
158.03571428571428 1 63 44 1
158.03571428571428 2 51 102 1
158.03571428571428 3 53 44 1
158.2142857142857 0 63 0 0
158.2142857142857 1 63 0 0
158.2142857142857 2 51 0 0
158.2142857142857 3 53 0 0
158.21428571428572 0 61 44 1
158.21428571428572 1 61 44 1
158.21428571428572 2 49 102 1
158.21428571428572 3 52 44 1
158.39285714285714 0 61 0 0
158.39285714285714 1 61 0 0
158.39285714285714 2 49 0 0
158.39285714285714 3 52 0 0
158.39285714285714 0 60 44 1
158.39285714285714 1 60 44 1
158.39285714285714 2 48 102 1
158.39285714285714 3 53 44 1
158.57142857142856 0 60 0 0
158.57142857142856 1 60 0 0
158.57142857142856 2 48 0 0
158.57142857142856 3 53 0 0
158.57142857142858 0 61 102 1
158.57142857142858 0 68 102 1
158.57142857142858 0 70 102 1
158.57142857142858 0 72 102 1
158.57142857142858 1 58 102 1
158.57142857142858 1 67 102 1
158.57142857142858 1 68 102 1
158.57142857142858 2 53 102 1
158.57142857142858 2 60 102 1
158.57142857142858 2 62 102 1
158.57142857142858 3 46 102 1
158.75 3 46 0 0
158.75 3 45 102 1
158.92857142857142 3 45 0 0
158.92857142857144 3 46 102 1
159.10714285714286 3 46 0 0
159.10714285714286 3 53 102 1
159.28571428571428 3 53 0 0
159.28571428571428 3 52 102 1
159.2857142857143 0 61 0 0
159.2857142857143 0 68 0 0
159.2857142857143 0 70 0 0
159.2857142857143 0 72 0 0
159.2857142857143 1 58 0 0
159.2857142857143 1 67 0 0
159.2857142857143 1 68 0 0
159.2857142857143 2 53 0 0
159.2857142857143 2 60 0 0
159.2857142857143 2 62 0 0
159.4642857142857 3 52 0 0
159.46428571428572 3 53 102 1
159.64285714285714 3 53 0 0
159.64285714285714 0 61 102 1
159.64285714285714 1 58 102 1
159.64285714285714 2 53 102 1
159.64285714285714 3 46 54 1
159.82142857142856 0 61 0 0
159.82142857142856 1 58 0 0
159.82142857142856 2 53 0 0
159.82142857142856 3 46 0 0
159.82142857142858 3 45 54 1
160.0 3 45 0 0
160.0 3 46 54 1
160.17857142857142 3 46 0 0
160.17857142857144 3 53 54 1
160.35714285714286 3 53 0 0
160.35714285714286 3 52 54 1
160.53571428571428 3 52 0 0
160.53571428571428 0 68 54 1
160.53571428571428 0 77 54 1
160.53571428571428 1 65 54 1
160.53571428571428 1 70 54 1
160.53571428571428 2 61 102 1
160.53571428571428 3 53 54 1
160.7142857142857 1 70 0 0
160.7142857142857 2 61 0 0
160.7142857142857 3 53 0 0
160.71428571428572 0 72 54 1
160.71428571428572 1 69 54 1
160.71428571428572 2 63 102 1
160.71428571428572 3 46 54 1
160.89285714285714 0 68 0 0
160.89285714285714 0 77 0 0
160.89285714285714 3 46 0 0
160.89285714285714 3 45 54 1
161.07142857142856 3 45 0 0
161.07142857142858 3 46 54 1
161.25 0 72 0 0
161.25 3 46 0 0
161.25 0 73 54 1
161.25 3 53 54 1
161.42857142857142 3 53 0 0
161.42857142857144 3 52 54 1
161.60714285714286 0 73 0 0
161.60714285714286 3 52 0 0
161.60714285714286 0 67 54 1
161.60714285714286 0 75 54 1
161.60714285714286 3 53 54 1
161.78571428571428 3 53 0 0
161.78571428571428 0 78 54 1
161.78571428571428 1 65 54 1
161.78571428571428 1 70 54 1
161.78571428571428 2 61 102 1
161.78571428571428 3 46 54 1
161.7857142857143 1 65 0 0
161.7857142857143 1 69 0 0
161.7857142857143 2 63 0 0
161.9642857142857 0 78 0 0
161.9642857142857 3 46 0 0
161.96428571428572 0 67 0 0
161.96428571428572 0 75 0 0
161.96428571428572 0 77 54 1
161.96428571428572 3 45 54 1
162.14285714285714 0 77 0 0
162.14285714285714 3 45 0 0
162.14285714285714 0 73 54 1
162.14285714285714 3 46 54 1
162.32142857142856 0 73 0 0
162.32142857142856 3 46 0 0
162.32142857142858 0 70 54 1
162.32142857142858 3 53 54 1
162.5 0 70 0 0
162.5 3 53 0 0
162.5 0 73 54 1
162.5 3 52 54 1
162.67857142857142 0 73 0 0
162.67857142857142 3 52 0 0
162.67857142857144 0 77 54 1
162.67857142857144 3 53 54 1
162.85714285714286 1 65 0 0
162.85714285714286 1 70 0 0
162.85714285714286 2 61 0 0
162.85714285714286 0 77 0 0
162.85714285714286 3 53 0 0
162.85714285714286 0 75 54 1
162.85714285714286 1 68 54 1
162.85714285714286 1 75 54 1
162.85714285714286 2 65 102 1
162.85714285714286 2 66 102 1
162.85714285714286 2 72 102 1
162.85714285714286 3 44 54 1
163.03571428571428 3 44 0 0
163.03571428571428 3 43 54 1
163.2142857142857 3 43 0 0
163.21428571428572 3 44 54 1
163.39285714285714 0 75 0 0
163.39285714285714 3 44 0 0
163.39285714285714 0 77 54 1
163.39285714285714 3 56 54 1
163.57142857142856 3 56 0 0
163.57142857142858 3 55 54 1
163.75 0 77 0 0
163.75 3 55 0 0
163.75 0 78 54 1
163.75 3 56 54 1
163.92857142857142 0 78 0 0
163.92857142857142 3 56 0 0
163.92857142857144 1 75 0 0
163.92857142857144 2 65 0 0
163.92857142857144 2 66 0 0
163.92857142857144 2 72 0 0
163.92857142857144 0 82 54 1
163.92857142857144 1 77 54 1
163.92857142857144 2 65 102 1
163.92857142857144 2 73 102 1
163.92857142857144 3 44 54 1
164.10714285714286 0 82 0 0
164.10714285714286 3 44 0 0
164.10714285714286 0 80 54 1
164.10714285714286 3 43 54 1
164.28571428571428 0 80 0 0
164.28571428571428 3 43 0 0
164.28571428571428 0 77 54 1
164.28571428571428 3 44 54 1
164.4642857142857 0 77 0 0
164.4642857142857 3 44 0 0
164.46428571428572 0 85 54 1
164.46428571428572 3 56 54 1
164.64285714285714 0 85 0 0
164.64285714285714 3 56 0 0
164.64285714285714 0 81 54 1
164.64285714285714 3 55 54 1
164.64285714285717 1 68 0 0
164.64285714285717 1 77 0 0
164.82142857142856 0 81 0 0
164.82142857142856 3 55 0 0
164.82142857142858 0 77 54 1
164.82142857142858 3 56 54 1
165.0 0 77 0 0
165.0 3 56 0 0
165.0 0 75 54 1
165.0 1 70 54 1
165.0 1 75 54 1
165.0 2 66 102 1
165.0 2 73 102 1
165.0 3 44 54 1
165.00000000000003 2 65 0 0
165.00000000000003 2 73 0 0
165.17857142857142 0 75 0 0
165.17857142857142 3 44 0 0
165.17857142857144 0 78 54 1
165.17857142857144 3 43 54 1
165.35714285714286 0 78 0 0
165.35714285714286 3 43 0 0
165.35714285714286 0 77 54 1
165.35714285714286 3 44 54 1
165.53571428571428 0 77 0 0
165.53571428571428 3 44 0 0
165.53571428571428 0 75 54 1
165.53571428571428 3 56 54 1
165.7142857142857 0 75 0 0
165.7142857142857 3 56 0 0
165.71428571428572 1 70 0 0
165.71428571428572 1 75 0 0
165.71428571428572 0 85 54 1
165.71428571428572 3 55 54 1
165.89285714285714 0 85 0 0
165.89285714285714 3 55 0 0
165.89285714285714 0 84 54 1
165.89285714285714 3 56 54 1
166.07142857142856 0 84 0 0
166.07142857142856 3 56 0 0
166.07142857142858 0 82 54 1
166.07142857142858 1 70 54 1
166.07142857142858 1 75 54 1
166.07142857142858 3 44 54 1
166.25 0 82 0 0
166.25 3 44 0 0
166.25 0 80 54 1
166.25 3 43 54 1
166.42857142857142 0 80 0 0
166.42857142857142 3 43 0 0
166.42857142857144 1 70 0 0
166.42857142857144 1 75 0 0
166.42857142857144 0 78 54 1
166.42857142857144 1 68 54 1
166.42857142857144 1 75 54 1
166.42857142857144 3 44 54 1
166.60714285714286 2 66 0 0
166.60714285714286 2 73 0 0
166.60714285714286 0 78 0 0
166.60714285714286 3 44 0 0
166.60714285714286 0 78 54 1
166.60714285714286 2 66 102 1
166.60714285714286 2 72 102 1
166.60714285714286 3 56 54 1
166.78571428571428 0 78 0 0
166.78571428571428 3 56 0 0
166.78571428571428 0 77 54 1
166.78571428571428 3 55 54 1
166.7857142857143 1 68 0 0
166.7857142857143 1 75 0 0
166.9642857142857 0 77 0 0
166.9642857142857 3 55 0 0
166.96428571428572 0 75 54 1
166.96428571428572 3 56 54 1
167.14285714285714 2 66 0 0
167.14285714285714 2 72 0 0
167.14285714285714 0 75 0 0
167.14285714285714 3 56 0 0
167.14285714285714 0 73 54 1
167.14285714285714 1 68 54 1
167.14285714285714 2 65 54 1
167.14285714285714 3 49 54 1
167.32142857142856 1 68 0 0
167.32142857142856 2 65 0 0
167.32142857142858 1 67 54 1
167.32142857142858 2 64 54 1
167.5 1 67 0 0
167.5 2 64 0 0
167.5 1 68 54 1
167.5 2 65 54 1
167.67857142857142 3 49 0 0
167.67857142857142 1 68 0 0
167.67857142857142 2 65 0 0
167.67857142857144 1 65 54 1
167.67857142857144 2 61 54 1
167.67857142857144 3 49 54 1
167.85714285714286 1 65 0 0
167.85714285714286 2 61 0 0
167.85714285714286 3 49 0 0
167.85714285714286 1 66 54 1
167.85714285714286 2 63 54 1
168.03571428571428 1 66 0 0
168.03571428571428 2 63 0 0
168.03571428571428 0 70 54 1
168.03571428571428 0 80 54 1
168.03571428571428 1 63 54 1
168.03571428571428 2 56 54 1
168.0357142857143 0 73 0 0
168.2142857142857 1 63 0 0
168.2142857142857 2 56 0 0
168.21428571428572 0 80 54 1
168.21428571428572 1 61 54 1
168.21428571428572 2 53 54 1
168.39285714285714 0 70 0 0
168.39285714285714 0 80 0 0
168.39285714285714 1 61 0 0
168.39285714285714 2 53 0 0
168.39285714285714 1 65 54 1
168.39285714285714 2 61 54 1
168.57142857142856 1 65 0 0
168.57142857142856 2 61 0 0
168.57142857142858 1 63 54 1
168.57142857142858 2 56 54 1
168.75 1 63 0 0
168.75 2 56 0 0
168.75 1 61 54 1
168.75 2 53 54 1
168.92857142857142 1 61 0 0
168.92857142857142 2 53 0 0
168.92857142857144 1 65 54 1
168.92857142857144 2 61 54 1
169.10714285714286 0 80 0 0
169.10714285714286 1 65 0 0
169.10714285714286 2 61 0 0
169.10714285714286 0 72 54 1
169.10714285714286 1 66 54 1
169.10714285714286 2 63 54 1
169.28571428571428 0 72 0 0
169.28571428571428 1 66 0 0
169.28571428571428 2 63 0 0
169.28571428571428 0 73 54 1
169.28571428571428 1 68 54 1
169.28571428571428 2 65 54 1
169.28571428571428 3 49 54 1
169.4642857142857 1 68 0 0
169.4642857142857 2 65 0 0
169.46428571428572 1 67 54 1
169.46428571428572 1 68 54 1
169.46428571428572 2 64 54 1
169.64285714285714 0 73 0 0
169.64285714285714 3 49 0 0
169.64285714285714 1 67 0 0
169.64285714285714 2 64 0 0
169.64285714285714 0 70 54 1
169.64285714285714 0 80 54 1
169.64285714285714 1 68 54 1
169.64285714285714 2 65 54 1
169.64285714285714 3 49 54 1
169.82142857142856 1 68 0 0
169.82142857142856 2 65 0 0
169.82142857142856 3 49 0 0
169.82142857142858 1 65 54 1
169.82142857142858 2 61 54 1
170.0 0 70 0 0
170.0 0 80 0 0
170.0 1 65 0 0
170.0 2 61 0 0
170.0 0 85 54 1
170.0 1 66 54 1
170.0 2 63 54 1
170.17857142857142 1 66 0 0
170.17857142857142 2 63 0 0
170.17857142857144 1 68 0 0
170.17857142857144 1 63 54 1
170.17857142857144 2 56 54 1
170.35714285714286 0 85 0 0
170.35714285714286 1 63 0 0
170.35714285714286 2 56 0 0
170.35714285714286 0 92 54 1
170.35714285714286 1 61 54 1
170.35714285714286 2 53 54 1
170.53571428571428 1 61 0 0
170.53571428571428 2 53 0 0
170.53571428571428 1 65 54 1
170.53571428571428 2 61 54 1
170.7142857142857 1 65 0 0
170.7142857142857 2 61 0 0
170.71428571428572 1 63 54 1
170.71428571428572 2 56 54 1
170.89285714285714 1 63 0 0
170.89285714285714 2 56 0 0
170.89285714285714 1 61 54 1
170.89285714285714 2 53 54 1
171.07142857142856 0 92 0 0
171.07142857142856 1 61 0 0
171.07142857142856 2 53 0 0
171.07142857142858 0 89 54 1
171.07142857142858 1 65 54 1
171.07142857142858 2 61 54 1
171.25 0 89 0 0
171.25 1 65 0 0
171.25 2 61 0 0
171.25 0 85 54 1
171.25 1 68 54 1
171.25 2 65 54 1
171.42857142857142 0 85 0 0
171.42857142857142 1 68 0 0
171.42857142857142 2 65 0 0
171.42857142857144 0 56 54 1
171.42857142857144 1 66 76 1
171.42857142857144 2 63 76 1
171.42857142857144 3 60 76 1
171.60714285714286 1 66 0 0
171.60714285714286 2 63 0 0
171.60714285714286 1 65 76 1
171.60714285714286 2 62 76 1
171.78571428571428 1 65 0 0
171.78571428571428 2 62 0 0
171.78571428571428 1 66 76 1
171.78571428571428 2 63 76 1
171.9642857142857 1 66 0 0
171.9642857142857 2 63 0 0
171.96428571428572 1 66 76 1
171.96428571428572 2 63 76 1
172.14285714285714 1 66 0 0
172.14285714285714 2 63 0 0
172.14285714285714 1 65 76 1
172.14285714285714 2 62 76 1
172.32142857142856 1 65 0 0
172.32142857142856 2 62 0 0
172.32142857142858 0 56 0 0
172.32142857142858 3 60 0 0
172.32142857142858 0 57 54 1
172.32142857142858 1 66 76 1
172.32142857142858 2 63 76 1
172.32142857142858 3 61 76 1
172.5 0 57 0 0
172.5 1 66 0 0
172.5 2 63 0 0
172.5 3 61 0 0
172.5 0 57 54 1
172.5 1 66 76 1
172.5 2 63 76 1
172.5 3 61 76 1
172.67857142857142 1 66 0 0
172.67857142857142 2 63 0 0
172.67857142857144 1 65 76 1
172.67857142857144 2 62 76 1
172.85714285714286 1 65 0 0
172.85714285714286 2 62 0 0
172.85714285714286 1 66 76 1
172.85714285714286 2 63 76 1
173.03571428571428 1 66 0 0
173.03571428571428 2 63 0 0
173.03571428571428 1 66 76 1
173.03571428571428 2 63 76 1
173.2142857142857 1 66 0 0
173.2142857142857 2 63 0 0
173.21428571428572 1 65 76 1
173.21428571428572 2 62 76 1
173.39285714285714 0 57 0 0
173.39285714285714 3 61 0 0
173.39285714285714 1 65 0 0
173.39285714285714 2 62 0 0
173.39285714285714 0 56 54 1
173.39285714285714 1 66 76 1
173.39285714285714 2 63 76 1
173.39285714285714 3 60 76 1
173.57142857142856 0 56 0 0
173.57142857142856 1 66 0 0
173.57142857142856 2 63 0 0
173.57142857142856 3 60 0 0
173.57142857142858 0 56 54 1
173.57142857142858 1 66 76 1
173.57142857142858 2 63 76 1
173.57142857142858 3 60 76 1
173.75 1 66 0 0
173.75 2 63 0 0
173.75 1 68 76 1
173.75 2 65 76 1
173.92857142857142 1 68 0 0
173.92857142857142 2 65 0 0
173.92857142857144 0 56 0 0
173.92857142857144 3 60 0 0
173.92857142857144 0 57 54 1
173.92857142857144 1 66 76 1
173.92857142857144 2 63 76 1
173.92857142857144 3 61 76 1
174.10714285714286 0 57 0 0
174.10714285714286 1 66 0 0
174.10714285714286 2 63 0 0
174.10714285714286 3 61 0 0
174.10714285714286 0 56 54 1
174.10714285714286 1 66 76 1
174.10714285714286 2 63 76 1
174.10714285714286 3 60 76 1
174.28571428571428 1 66 0 0
174.28571428571428 2 63 0 0
174.28571428571428 1 68 76 1
174.28571428571428 2 65 76 1
174.4642857142857 1 68 0 0
174.4642857142857 2 65 0 0
174.46428571428572 0 56 0 0
174.46428571428572 3 60 0 0
174.46428571428572 0 57 54 1
174.46428571428572 1 66 76 1
174.46428571428572 2 63 76 1
174.46428571428572 3 61 76 1
174.64285714285714 0 57 0 0
174.64285714285714 1 66 0 0
174.64285714285714 2 63 0 0
174.64285714285714 3 61 0 0
174.64285714285714 0 56 54 1
174.64285714285714 1 66 76 1
174.64285714285714 2 63 76 1
174.64285714285714 3 60 76 1
174.82142857142856 1 66 0 0
174.82142857142856 2 63 0 0
174.82142857142858 1 68 76 1
174.82142857142858 2 65 76 1
175.0 0 56 0 0
175.0 3 60 0 0
175.0 1 68 0 0
175.0 2 65 0 0
175.0 0 57 54 1
175.0 1 66 76 1
175.0 2 63 76 1
175.0 3 62 76 1
175.17857142857142 0 57 0 0
175.17857142857142 1 66 0 0
175.17857142857142 2 63 0 0
175.17857142857142 3 62 0 0
175.17857142857144 0 57 54 1
175.17857142857144 1 66 76 1
175.17857142857144 2 63 76 1
175.17857142857144 3 61 76 1
175.35714285714286 1 66 0 0
175.35714285714286 2 63 0 0
175.35714285714286 1 65 76 1
175.35714285714286 2 62 76 1
175.53571428571428 1 65 0 0
175.53571428571428 2 62 0 0
175.53571428571428 0 56 54 1
175.53571428571428 1 66 76 1
175.53571428571428 2 63 76 1
175.53571428571428 3 51 76 1
175.53571428571428 3 60 76 1
175.5357142857143 0 57 0 0
175.5357142857143 3 61 0 0
175.7142857142857 0 56 0 0
175.7142857142857 1 66 0 0
175.7142857142857 2 63 0 0
175.71428571428572 0 73 44 1
175.71428571428572 1 65 76 1
175.71428571428572 2 61 44 1
175.71428571428572 3 41 44 1
175.71428571428572 3 43 44 1
175.71428571428572 3 44 44 1
175.71428571428572 3 49 44 1
175.89285714285714 3 51 0 0
175.89285714285714 3 60 0 0
175.89285714285714 1 65 0 0
175.89285714285714 2 61 0 0
175.89285714285714 1 68 76 1
175.89285714285714 2 65 44 1
176.07142857142856 1 68 0 0
176.07142857142856 2 65 0 0
176.07142857142858 3 41 0 0
176.07142857142858 3 43 0 0
176.07142857142858 3 44 0 0
176.07142857142858 3 49 0 0
176.07142857142858 1 66 76 1
176.07142857142858 2 63 44 1
176.07142857142858 3 41 44 1
176.07142857142858 3 49 44 1
176.25 1 66 0 0
176.25 2 63 0 0
176.25 1 65 76 1
176.25 2 61 44 1
176.42857142857142 1 65 0 0
176.42857142857142 2 61 0 0
176.42857142857144 3 41 0 0
176.42857142857144 3 49 0 0
176.42857142857144 1 66 76 1
176.42857142857144 2 63 44 1
176.60714285714286 0 73 0 0
176.60714285714286 1 66 0 0
176.60714285714286 2 63 0 0
176.60714285714286 0 80 44 1
176.60714285714286 1 63 76 1
176.60714285714286 2 56 44 1
176.78571428571428 0 80 0 0
176.78571428571428 1 63 0 0
176.78571428571428 2 56 0 0
176.78571428571428 0 80 44 1
176.78571428571428 1 61 76 1
176.78571428571428 2 53 44 1
176.9642857142857 1 61 0 0
176.9642857142857 2 53 0 0
176.96428571428572 1 65 76 1
176.96428571428572 2 61 44 1
177.14285714285714 1 65 0 0
177.14285714285714 2 61 0 0
177.14285714285714 1 63 76 1
177.14285714285714 2 56 44 1
177.32142857142856 1 63 0 0
177.32142857142856 2 56 0 0
177.32142857142858 1 61 76 1
177.32142857142858 2 53 44 1
177.5 1 61 0 0
177.5 2 53 0 0
177.5 1 65 76 1
177.5 2 61 44 1
177.67857142857142 1 65 0 0
177.67857142857142 2 61 0 0
177.67857142857144 0 80 0 0
177.67857142857144 0 63 44 1
177.67857142857144 0 72 44 1
177.67857142857144 1 66 76 1
177.67857142857144 2 63 44 1
177.85714285714286 1 66 0 0
177.85714285714286 2 63 0 0
177.85714285714286 0 73 44 1
177.85714285714286 1 65 76 1
177.85714285714286 2 61 44 1
177.85714285714286 3 49 44 1
178.03571428571428 1 65 0 0
178.03571428571428 2 61 0 0
178.03571428571428 1 68 76 1
178.03571428571428 2 65 44 1
178.0357142857143 0 63 0 0
178.0357142857143 0 72 0 0
178.2142857142857 1 68 0 0
178.2142857142857 2 65 0 0
178.21428571428572 0 73 0 0
178.21428571428572 0 80 44 1
178.21428571428572 1 66 76 1
178.21428571428572 2 63 44 1
178.39285714285714 3 49 0 0
178.39285714285714 0 80 0 0
178.39285714285714 1 66 0 0
178.39285714285714 2 63 0 0
178.39285714285714 0 85 44 1
178.39285714285714 1 65 76 1
178.39285714285714 2 61 44 1
178.39285714285714 3 41 44 1
178.39285714285714 3 49 44 1
178.57142857142856 1 65 0 0
178.57142857142856 2 61 0 0
178.57142857142858 1 66 76 1
178.57142857142858 2 63 44 1
178.75 0 85 0 0
178.75 3 41 0 0
178.75 3 49 0 0
178.75 1 66 0 0
178.75 2 63 0 0
178.75 0 92 44 1
178.75 1 63 76 1
178.75 2 56 44 1
178.92857142857142 0 92 0 0
178.92857142857142 1 63 0 0
178.92857142857142 2 56 0 0
178.92857142857144 0 92 44 1
178.92857142857144 1 61 76 1
178.92857142857144 2 53 44 1
178.92857142857144 3 51 44 1
178.92857142857144 3 56 44 1
179.10714285714286 1 61 0 0
179.10714285714286 2 53 0 0
179.10714285714286 1 65 76 1
179.10714285714286 2 61 44 1
179.28571428571428 1 65 0 0
179.28571428571428 2 61 0 0
179.28571428571428 1 63 76 1
179.28571428571428 2 56 44 1
179.4642857142857 1 63 0 0
179.4642857142857 2 56 0 0
179.46428571428572 1 61 76 1
179.46428571428572 2 53 44 1
179.64285714285714 0 92 0 0
179.64285714285714 1 61 0 0
179.64285714285714 2 53 0 0
179.64285714285714 0 89 44 1
179.64285714285714 1 63 76 1
179.64285714285714 2 56 44 1
179.64285714285717 3 51 0 0
179.64285714285717 3 56 0 0
179.82142857142856 0 89 0 0
179.82142857142856 1 63 0 0
179.82142857142856 2 56 0 0
179.82142857142858 0 85 44 1
179.82142857142858 1 65 76 1
179.82142857142858 2 61 44 1
180.0 0 85 0 0
180.0 1 65 0 0
180.0 2 61 0 0
180.0 0 57 76 1
180.0 1 63 76 1
180.0 2 60 76 1
180.0 3 65 76 1
180.17857142857142 1 63 0 0
180.17857142857142 2 60 0 0
180.17857142857144 1 62 76 1
180.17857142857144 2 59 76 1
180.35714285714286 1 62 0 0
180.35714285714286 2 59 0 0
180.35714285714286 1 63 76 1
180.35714285714286 2 60 76 1
180.53571428571428 1 63 0 0
180.53571428571428 2 60 0 0
180.53571428571428 1 63 76 1
180.53571428571428 2 60 76 1
180.7142857142857 1 63 0 0
180.7142857142857 2 60 0 0
180.71428571428572 1 62 76 1
180.71428571428572 2 59 76 1
180.89285714285714 0 57 0 0
180.89285714285714 3 65 0 0
180.89285714285714 1 62 0 0
180.89285714285714 2 59 0 0
180.89285714285714 0 58 76 1
180.89285714285714 1 63 76 1
180.89285714285714 2 60 76 1
180.89285714285714 3 66 76 1
181.07142857142856 0 58 0 0
181.07142857142856 1 63 0 0
181.07142857142856 2 60 0 0
181.07142857142856 3 66 0 0
181.07142857142858 0 58 76 1
181.07142857142858 1 63 76 1
181.07142857142858 2 60 76 1
181.07142857142858 3 66 76 1
181.25 1 63 0 0
181.25 2 60 0 0
181.25 1 62 76 1
181.25 2 59 76 1
181.42857142857142 1 62 0 0
181.42857142857142 2 59 0 0
181.42857142857144 1 63 76 1
181.42857142857144 2 60 76 1
181.60714285714286 1 63 0 0
181.60714285714286 2 60 0 0
181.60714285714286 1 63 76 1
181.60714285714286 2 60 76 1
181.78571428571428 1 63 0 0
181.78571428571428 2 60 0 0
181.78571428571428 1 62 76 1
181.78571428571428 2 59 76 1
181.9642857142857 1 62 0 0
181.9642857142857 2 59 0 0
181.96428571428572 0 58 0 0
181.96428571428572 3 66 0 0
181.96428571428572 0 57 76 1
181.96428571428572 1 63 76 1
181.96428571428572 2 60 76 1
181.96428571428572 3 65 76 1
182.14285714285714 0 57 0 0
182.14285714285714 1 63 0 0
182.14285714285714 2 60 0 0
182.14285714285714 3 65 0 0
182.14285714285714 0 57 76 1
182.14285714285714 1 63 76 1
182.14285714285714 2 60 76 1
182.14285714285714 3 65 76 1
182.32142857142856 1 63 0 0
182.32142857142856 2 60 0 0
182.32142857142858 1 65 76 1
182.32142857142858 2 62 76 1
182.5 0 57 0 0
182.5 3 65 0 0
182.5 1 65 0 0
182.5 2 62 0 0
182.5 0 58 76 1
182.5 1 63 76 1
182.5 2 60 76 1
182.5 3 58 76 1
182.5 3 66 76 1
182.67857142857142 0 58 0 0
182.67857142857142 1 63 0 0
182.67857142857142 2 60 0 0
182.67857142857144 0 57 76 1
182.67857142857144 1 63 76 1
182.67857142857144 2 60 76 1
182.85714285714286 3 58 0 0
182.85714285714286 3 66 0 0
182.85714285714286 1 63 0 0
182.85714285714286 2 60 0 0
182.85714285714286 1 65 76 1
182.85714285714286 2 62 76 1
182.85714285714286 3 65 76 1
183.03571428571428 1 65 0 0
183.03571428571428 2 62 0 0
183.03571428571428 0 58 76 1
183.03571428571428 1 63 76 1
183.03571428571428 2 60 76 1
183.0357142857143 0 57 0 0
183.2142857142857 0 58 0 0
183.2142857142857 1 63 0 0
183.2142857142857 2 60 0 0
183.21428571428572 3 65 0 0
183.21428571428572 0 57 76 1
183.21428571428572 1 63 76 1
183.21428571428572 2 60 76 1
183.21428571428572 3 65 76 1
183.39285714285714 1 63 0 0
183.39285714285714 2 60 0 0
183.39285714285714 1 65 76 1
183.39285714285714 2 61 76 1
183.57142857142856 1 65 0 0
183.57142857142856 2 61 0 0
183.57142857142858 0 57 0 0
183.57142857142858 3 65 0 0
183.57142857142858 0 58 76 1
183.57142857142858 1 63 76 1
183.57142857142858 2 60 76 1
183.57142857142858 3 66 76 1
183.75 0 58 0 0
183.75 1 63 0 0
183.75 2 60 0 0
183.75 3 66 0 0
183.75 0 58 76 1
183.75 1 63 76 1
183.75 2 60 76 1
183.75 3 66 76 1
183.92857142857142 1 63 0 0
183.92857142857142 2 60 0 0
183.92857142857144 1 62 76 1
183.92857142857144 2 59 76 1
184.10714285714286 0 58 0 0
184.10714285714286 3 66 0 0
184.10714285714286 1 62 0 0
184.10714285714286 2 59 0 0
184.10714285714286 0 57 76 1
184.10714285714286 1 63 76 1
184.10714285714286 2 60 76 1
184.10714285714286 3 65 76 1
184.28571428571428 0 57 0 0
184.28571428571428 1 63 0 0
184.28571428571428 2 60 0 0
184.28571428571428 3 65 0 0
184.28571428571428 0 70 76 1
184.28571428571428 1 61 44 1
184.28571428571428 2 58 44 1
184.28571428571428 3 58 76 1
184.4642857142857 1 61 0 0
184.4642857142857 2 58 0 0
184.46428571428572 1 65 44 1
184.46428571428572 2 61 44 1
184.64285714285714 3 58 0 0
184.64285714285714 1 65 0 0
184.64285714285714 2 61 0 0
184.64285714285714 1 63 44 1
184.64285714285714 2 60 44 1
184.82142857142856 1 63 0 0
184.82142857142856 2 60 0 0
184.82142857142858 1 61 44 1
184.82142857142858 2 58 44 1
185.0 1 61 0 0
185.0 2 58 0 0
185.0 1 63 44 1
185.0 2 60 44 1
185.17857142857142 1 63 0 0
185.17857142857142 2 60 0 0
185.17857142857144 0 70 0 0
185.17857142857144 0 68 76 1
185.17857142857144 0 77 76 1
185.17857142857144 1 60 44 1
185.17857142857144 2 53 44 1
185.35714285714286 1 60 0 0
185.35714285714286 2 53 0 0
185.35714285714286 0 77 76 1
185.35714285714286 1 58 44 1
185.35714285714286 2 49 44 1
185.53571428571428 1 58 0 0
185.53571428571428 2 49 0 0
185.53571428571428 1 61 44 1
185.53571428571428 2 58 44 1
185.5357142857143 0 68 0 0
185.5357142857143 0 77 0 0
185.7142857142857 1 61 0 0
185.7142857142857 2 58 0 0
185.71428571428572 1 60 44 1
185.71428571428572 2 53 44 1
185.89285714285714 1 60 0 0
185.89285714285714 2 53 0 0
185.89285714285714 1 58 44 1
185.89285714285714 2 49 44 1
186.07142857142856 0 77 0 0
186.07142857142856 1 58 0 0
186.07142857142856 2 49 0 0
186.07142857142858 0 73 76 1
186.07142857142858 1 61 44 1
186.07142857142858 2 58 44 1
186.25 0 73 0 0
186.25 1 61 0 0
186.25 2 58 0 0
186.25 0 70 76 1
186.25 1 65 44 1
186.25 2 62 44 1
186.42857142857142 0 70 0 0
186.42857142857142 1 65 0 0
186.42857142857142 2 62 0 0
186.42857142857144 0 69 76 1
186.42857142857144 1 65 44 1
186.42857142857144 2 60 44 1
186.42857142857144 3 41 76 1
186.60714285714286 1 65 0 0
186.96428571428572 1 63 44 1
186.96428571428572 1 65 44 1
187.14285714285714 1 63 0 0
187.14285714285714 1 65 44 1
187.32142857142856 1 65 0 0
187.32142857142858 3 41 0 0
187.32142857142858 1 65 44 1
187.32142857142858 3 48 76 1
187.5 1 65 0 0
187.5 3 48 0 0
187.5 0 68 76 1
187.5 1 63 44 1
187.5 1 65 44 1
187.5 2 60 44 1
187.5 3 48 76 1
187.50000000000003 0 69 0 0
187.50000000000003 2 60 0 0
187.67857142857142 1 63 0 0
187.67857142857142 2 60 0 0
187.67857142857144 1 65 0 0
187.67857142857144 1 65 44 1
187.67857142857144 2 59 44 1
187.85714285714286 1 65 0 0
187.85714285714286 2 59 0 0
187.85714285714286 2 60 44 1
188.03571428571428 3 48 0 0
188.03571428571428 2 60 0 0
188.03571428571428 2 60 44 1
188.03571428571428 3 44 76 1
188.2142857142857 2 60 0 0
188.2142857142857 3 44 0 0
188.21428571428572 2 59 44 1
188.21428571428572 3 41 76 1
188.39285714285714 2 59 0 0
188.39285714285714 3 41 0 0
188.39285714285714 2 60 44 1
188.57142857142856 2 60 0 0
188.57142857142858 0 68 0 0
188.57142857142858 1 65 0 0
188.57142857142858 0 72 76 1
188.57142857142858 1 63 44 1
188.57142857142858 2 60 44 1
188.57142857142858 3 36 76 1
188.75 1 63 0 0
188.75 2 60 0 0
188.75 1 67 44 1
188.75 2 63 44 1
188.92857142857142 1 67 0 0
188.92857142857142 2 63 0 0
188.92857142857144 3 36 0 0
188.92857142857144 1 65 44 1
188.92857142857144 2 62 44 1
189.10714285714286 1 65 0 0
189.10714285714286 2 62 0 0
189.10714285714286 1 63 44 1
189.10714285714286 2 60 44 1
189.28571428571428 1 63 0 0
189.28571428571428 2 60 0 0
189.28571428571428 1 65 44 1
189.28571428571428 2 62 44 1
189.4642857142857 1 65 0 0
189.4642857142857 2 62 0 0
189.46428571428572 0 72 0 0
189.46428571428572 0 79 76 1
189.46428571428572 1 62 44 1
189.46428571428572 2 55 44 1
189.64285714285714 0 79 0 0
189.64285714285714 1 62 0 0
189.64285714285714 2 55 0 0
189.64285714285714 0 79 76 1
189.64285714285714 1 60 44 1
189.64285714285714 2 51 44 1
189.82142857142856 1 60 0 0
189.82142857142856 2 51 0 0
189.82142857142858 1 63 44 1
189.82142857142858 2 55 44 1
190.0 1 63 0 0
190.0 2 55 0 0
190.0 1 62 44 1
190.0 2 53 44 1
190.17857142857142 1 62 0 0
190.17857142857142 2 53 0 0
190.17857142857144 1 60 44 1
190.17857142857144 2 51 44 1
190.35714285714286 0 79 0 0
190.35714285714286 1 60 0 0
190.35714285714286 2 51 0 0
190.35714285714286 0 75 76 1
190.35714285714286 1 63 44 1
190.35714285714286 2 60 44 1
190.53571428571428 0 75 0 0
190.53571428571428 1 63 0 0
190.53571428571428 2 60 0 0
190.53571428571428 0 72 76 1
190.53571428571428 1 67 44 1
190.53571428571428 2 63 44 1
190.7142857142857 0 72 0 0
190.7142857142857 1 67 0 0
190.7142857142857 2 63 0 0
190.71428571428572 0 71 76 1
190.71428571428572 1 67 44 1
190.71428571428572 3 43 76 1
190.89285714285714 1 67 0 0
190.89285714285714 1 66 44 1
191.07142857142856 1 66 0 0
191.07142857142858 1 67 44 1
191.25 1 67 0 0
191.25 1 67 44 1
191.42857142857142 1 67 0 0
191.42857142857144 1 66 44 1
191.60714285714286 3 43 0 0
191.60714285714286 1 66 0 0
191.60714285714286 1 67 44 1
191.60714285714286 3 50 76 1
191.78571428571428 1 67 0 0
191.78571428571428 3 50 0 0
191.78571428571428 0 70 76 1
191.78571428571428 1 67 44 1
191.78571428571428 2 62 44 1
191.78571428571428 3 50 76 1
191.7857142857143 0 71 0 0
191.9642857142857 2 62 0 0
191.96428571428572 2 61 44 1
192.14285714285714 2 61 0 0
192.14285714285714 2 62 44 1
192.32142857142856 2 62 0 0
192.32142857142858 2 62 44 1
192.5 3 50 0 0
192.5 3 46 76 1
192.67857142857142 3 46 0 0
192.67857142857144 2 62 0 0
192.67857142857144 2 61 44 1
192.67857142857144 3 43 76 1
192.85714285714286 0 70 0 0
192.85714285714286 1 67 0 0
192.85714285714286 3 43 0 0
192.85714285714286 0 74 76 1
192.85714285714286 1 70 44 1
192.85714285714286 2 53 44 1
192.85714285714286 3 39 76 1
193.03571428571428 1 70 0 0
193.03571428571428 1 69 44 1
193.0357142857143 2 61 0 0
193.2142857142857 1 69 0 0
193.21428571428572 2 53 0 0
193.21428571428572 1 70 44 1
193.21428571428572 2 57 44 1
193.39285714285714 1 70 0 0
193.39285714285714 1 72 44 1
193.57142857142856 1 72 0 0
193.57142857142858 2 57 0 0
193.57142857142858 1 70 44 1
193.57142857142858 2 55 44 1
193.75 1 70 0 0
193.75 1 69 44 1
193.92857142857142 1 69 0 0
193.92857142857144 0 74 0 0
193.92857142857144 2 55 0 0
193.92857142857144 0 73 76 1
193.92857142857144 1 67 44 1
193.92857142857144 2 58 44 1
194.10714285714286 1 67 0 0
194.10714285714286 2 58 0 0
194.10714285714286 1 66 44 1
194.10714285714286 2 60 44 1
194.28571428571428 1 66 0 0
194.28571428571428 2 60 0 0
194.28571428571428 1 67 44 1
194.28571428571428 2 58 44 1
194.4642857142857 1 67 0 0
194.4642857142857 2 58 0 0
194.46428571428572 1 69 44 1
194.46428571428572 2 57 44 1
194.64285714285714 1 69 0 0
194.64285714285714 2 57 0 0
194.64285714285714 1 70 44 1
194.64285714285714 2 55 44 1
194.82142857142856 1 70 0 0
194.82142857142856 2 55 0 0
194.82142857142858 1 67 44 1
194.82142857142858 2 58 44 1
195.0 1 67 0 0
195.0 2 58 0 0
195.0 0 74 76 1
195.0 1 66 44 1
195.0 2 57 44 1
195.0 3 38 76 1
195.00000000000003 3 39 0 0
195.00000000000003 0 73 0 0
195.17857142857142 1 66 0 0
195.17857142857142 2 57 0 0
195.17857142857144 1 62 44 1
195.17857142857144 2 62 44 1
195.35714285714286 3 38 0 0
195.35714285714286 1 62 0 0
195.35714285714286 2 62 0 0
195.35714285714286 1 66 44 1
195.35714285714286 2 57 44 1
195.53571428571428 1 66 0 0
195.53571428571428 2 57 0 0
195.53571428571428 1 66 44 1
195.53571428571428 2 57 44 1
195.7142857142857 1 66 0 0
195.7142857142857 2 57 0 0
195.71428571428572 1 62 44 1
195.71428571428572 2 62 44 1
195.89285714285714 0 74 0 0
195.89285714285714 1 62 0 0
195.89285714285714 2 62 0 0
195.89285714285714 0 81 76 1
195.89285714285714 1 66 44 1
195.89285714285714 2 57 44 1
196.07142857142856 0 81 0 0
196.07142857142856 1 66 0 0
196.07142857142856 2 57 0 0
196.07142857142858 0 81 76 1
196.07142857142858 1 66 44 1
196.07142857142858 2 57 44 1
196.25 1 66 0 0
196.25 2 57 0 0
196.25 1 62 44 1
196.25 2 62 44 1
196.42857142857142 1 62 0 0
196.42857142857142 2 62 0 0
196.42857142857144 1 66 44 1
196.42857142857144 2 57 44 1
196.60714285714286 1 66 0 0
196.60714285714286 2 57 0 0
196.60714285714286 1 66 44 1
196.60714285714286 2 57 44 1
196.78571428571428 0 81 0 0
196.78571428571428 1 66 0 0
196.78571428571428 2 57 0 0
196.78571428571428 0 78 76 1
196.78571428571428 1 62 44 1
196.78571428571428 2 62 44 1
196.9642857142857 0 78 0 0
196.9642857142857 1 62 0 0
196.9642857142857 2 62 0 0
196.96428571428572 0 74 76 1
196.96428571428572 1 66 44 1
196.96428571428572 2 57 44 1
197.14285714285714 0 74 0 0
197.14285714285714 1 66 0 0
197.14285714285714 2 57 0 0
197.14285714285714 0 73 76 1
197.14285714285714 1 67 44 1
197.14285714285714 2 55 44 1
197.14285714285714 3 39 76 1
197.32142857142856 1 67 0 0
197.32142857142856 2 55 0 0
197.32142857142858 1 61 44 1
197.32142857142858 2 63 44 1
197.5 1 61 0 0
197.5 2 63 0 0
197.5 1 67 44 1
197.5 2 55 44 1
197.67857142857142 1 67 0 0
197.67857142857142 2 55 0 0
197.67857142857144 1 67 44 1
197.67857142857144 2 55 44 1
197.85714285714286 1 67 0 0
197.85714285714286 2 55 0 0
197.85714285714286 1 61 44 1
197.85714285714286 2 63 44 1
198.03571428571428 1 61 0 0
198.03571428571428 2 63 0 0
198.03571428571428 1 67 44 1
198.03571428571428 2 55 44 1
198.03571428571428 3 46 76 1
198.0357142857143 3 39 0 0
198.2142857142857 1 67 0 0
198.2142857142857 2 55 0 0
198.2142857142857 3 46 0 0
198.21428571428572 0 73 0 0
198.21428571428572 0 85 76 1
198.21428571428572 1 67 44 1
198.21428571428572 2 55 44 1
198.21428571428572 3 46 76 1
198.39285714285714 1 67 0 0
198.39285714285714 2 55 0 0
198.39285714285714 1 61 44 1
198.39285714285714 2 63 44 1
198.57142857142856 1 61 0 0
198.57142857142856 2 63 0 0
198.57142857142858 1 67 44 1
198.57142857142858 2 55 44 1
198.75 3 46 0 0
198.75 1 67 0 0
198.75 2 55 0 0
198.75 1 67 44 1
198.75 2 55 44 1
198.75 3 43 76 1
198.92857142857142 1 67 0 0
198.92857142857142 2 55 0 0
198.92857142857142 3 43 0 0
198.92857142857144 1 62 44 1
198.92857142857144 2 63 44 1
198.92857142857144 3 39 76 1
199.10714285714286 2 63 0 0
199.10714285714286 3 39 0 0
199.10714285714286 2 55 44 1
199.28571428571428 2 55 0 0
199.28571428571428 0 86 76 1
199.28571428571428 1 66 44 1
199.28571428571428 1 67 44 1
199.28571428571428 2 57 44 1
199.28571428571428 3 38 76 1
199.2857142857143 0 85 0 0
199.2857142857143 1 62 0 0
199.4642857142857 1 66 0 0
199.4642857142857 1 67 0 0
199.4642857142857 2 57 0 0
199.46428571428572 1 62 44 1
199.46428571428572 2 62 44 1
199.64285714285714 1 62 0 0
199.64285714285714 2 62 0 0
199.64285714285714 1 66 44 1
199.64285714285714 2 57 44 1
199.82142857142856 3 38 0 0
199.82142857142856 1 66 0 0
199.82142857142856 2 57 0 0
199.82142857142858 1 66 44 1
199.82142857142858 2 57 44 1
200.0 1 66 0 0
200.0 2 57 0 0
200.0 1 62 44 1
200.0 2 62 44 1
200.17857142857142 1 62 0 0
200.17857142857142 2 62 0 0
200.17857142857144 0 86 0 0
200.17857142857144 0 93 76 1
200.17857142857144 1 66 44 1
200.17857142857144 2 57 44 1
200.35714285714286 0 93 0 0
200.35714285714286 1 66 0 0
200.35714285714286 2 57 0 0
200.35714285714286 0 93 76 1
200.35714285714286 1 66 44 1
200.35714285714286 2 57 44 1
200.53571428571428 1 66 0 0
200.53571428571428 2 57 0 0
200.53571428571428 1 62 44 1
200.53571428571428 2 62 44 1
200.7142857142857 1 62 0 0
200.7142857142857 2 62 0 0
200.71428571428572 1 66 44 1
200.71428571428572 2 57 44 1
200.89285714285714 1 66 0 0
200.89285714285714 2 57 0 0
200.89285714285714 1 66 44 1
200.89285714285714 2 57 44 1
201.07142857142856 0 93 0 0
201.07142857142856 1 66 0 0
201.07142857142856 2 57 0 0
201.07142857142858 0 90 76 1
201.07142857142858 1 62 44 1
201.07142857142858 2 62 44 1
201.25 0 90 0 0
201.25 1 62 0 0
201.25 2 62 0 0
201.25 0 86 76 1
201.25 1 66 44 1
201.25 2 57 44 1
201.42857142857142 0 86 0 0
201.42857142857142 1 66 0 0
201.42857142857142 2 57 0 0
201.42857142857144 0 85 76 1
201.42857142857144 1 67 44 1
201.42857142857144 2 55 44 1
201.42857142857144 3 39 76 1
201.60714285714286 1 67 0 0
201.60714285714286 2 55 0 0
201.60714285714286 1 61 44 1
201.60714285714286 2 63 44 1
201.78571428571428 1 61 0 0
201.78571428571428 2 63 0 0
201.78571428571428 1 67 44 1
201.78571428571428 2 55 44 1
201.9642857142857 1 67 0 0
201.9642857142857 2 55 0 0
201.96428571428572 1 67 44 1
201.96428571428572 2 55 44 1
202.14285714285714 1 67 0 0
202.14285714285714 2 55 0 0
202.14285714285714 1 61 44 1
202.14285714285714 2 63 44 1
202.32142857142856 1 61 0 0
202.32142857142856 2 63 0 0
202.32142857142858 3 39 0 0
202.32142857142858 1 67 44 1
202.32142857142858 2 55 44 1
202.32142857142858 3 46 76 1
202.5 1 67 0 0
202.5 2 55 0 0
202.5 3 46 0 0
202.5 0 72 76 1
202.5 0 75 76 1
202.5 1 67 44 1
202.5 2 55 44 1
202.5 3 46 76 1
202.50000000000003 0 85 0 0
202.67857142857142 1 67 0 0
202.67857142857142 2 55 0 0
202.67857142857144 1 61 44 1
202.67857142857144 2 63 44 1
202.85714285714286 1 61 0 0
202.85714285714286 2 63 0 0
202.85714285714286 1 67 44 1
202.85714285714286 2 55 44 1
203.03571428571428 1 67 0 0
203.03571428571428 2 55 0 0
203.03571428571428 1 67 44 1
203.03571428571428 2 55 44 1
203.2142857142857 3 46 0 0
203.2142857142857 1 67 0 0
203.2142857142857 2 55 0 0
203.21428571428572 0 72 0 0
203.21428571428572 0 75 0 0
203.21428571428572 0 72 76 1
203.21428571428572 1 61 44 1
203.21428571428572 2 63 44 1
203.21428571428572 3 43 76 1
203.39285714285714 1 61 0 0
203.39285714285714 2 63 0 0
203.39285714285714 3 43 0 0
203.39285714285714 1 67 44 1
203.39285714285714 2 55 44 1
203.39285714285714 3 39 76 1
203.57142857142856 1 67 0 0
203.57142857142856 2 55 0 0
203.57142857142856 3 39 0 0
203.57142857142858 0 73 76 1
203.57142857142858 1 66 44 1
203.57142857142858 2 57 44 1
203.57142857142858 3 38 76 1
203.92857142857144 0 72 0 0
203.92857142857144 1 66 0 0
203.92857142857144 2 57 0 0
203.92857142857144 3 38 0 0
204.10714285714286 0 73 0 0
204.64285714285714 0 74 76 1
205.17857142857142 0 74 0 0
205.17857142857144 0 73 76 1
205.71428571428572 0 73 0 0
205.71428571428572 0 74 76 1
206.25 0 74 0 0
206.25 0 73 76 1
206.78571428571428 0 73 0 0
206.78571428571428 0 74 76 1
207.14285714285714 0 74 0 0
207.14285714285714 0 69 76 1
207.67857142857142 0 69 0 0
207.85714285714286 0 70 54 1
207.85714285714286 1 65 44 1
207.85714285714286 2 62 44 1
207.85714285714286 3 58 54 1
208.03571428571428 1 65 0 0
208.03571428571428 2 62 0 0
208.03571428571428 1 67 44 1
208.03571428571428 2 58 44 1
208.2142857142857 1 67 0 0
208.2142857142857 2 58 0 0
208.21428571428572 3 58 0 0
208.21428571428572 1 65 88 1
208.21428571428572 2 62 44 1
208.39285714285714 1 65 0 0
208.39285714285714 2 62 0 0
208.39285714285714 1 65 88 1
208.39285714285714 2 62 44 1
208.48214285714286 3 48 54 1
208.57142857142856 1 65 0 0
208.57142857142856 2 62 0 0
208.57142857142858 1 67 88 1
208.57142857142858 2 58 44 1
208.75 1 67 0 0
208.75 2 58 0 0
208.75 1 65 88 1
208.75 2 62 44 1
208.83928571428572 3 48 0 0
208.92857142857142 1 65 0 0
208.92857142857142 2 62 0 0
208.92857142857144 0 70 0 0
208.92857142857144 0 74 54 1
208.92857142857144 1 65 88 1
208.92857142857144 2 62 44 1
209.10714285714286 1 65 0 0
209.10714285714286 2 62 0 0
209.10714285714286 1 67 88 1
209.10714285714286 2 58 44 1
209.28571428571428 1 67 0 0
209.28571428571428 2 58 0 0
209.28571428571428 0 77 54 1
209.28571428571428 1 65 88 1
209.28571428571428 2 62 44 1
209.2857142857143 0 74 0 0
209.4642857142857 1 65 0 0
209.4642857142857 2 62 0 0
209.46428571428572 1 65 88 1
209.46428571428572 2 62 44 1
209.64285714285714 1 65 0 0
209.64285714285714 2 62 0 0
209.64285714285714 1 67 88 1
209.64285714285714 2 58 44 1
209.82142857142856 0 77 0 0
209.82142857142856 1 67 0 0
209.82142857142856 2 58 0 0
209.82142857142858 1 65 88 1
209.82142857142858 2 62 44 1
210.0 1 65 0 0
210.0 2 62 0 0
210.0 0 77 54 1
210.0 1 65 88 1
210.0 2 63 44 1
210.0 3 57 54 1
210.17857142857142 1 65 0 0
210.17857142857142 2 63 0 0
210.17857142857144 1 67 88 1
210.17857142857144 2 60 44 1
210.35714285714286 3 57 0 0
210.35714285714286 1 67 0 0
210.35714285714286 2 60 0 0
210.35714285714286 1 65 88 1
210.35714285714286 2 63 44 1
210.53571428571428 1 65 0 0
210.53571428571428 2 63 0 0
210.53571428571428 1 65 88 1
210.53571428571428 2 63 44 1
210.7142857142857 1 65 0 0
210.7142857142857 2 63 0 0
210.71428571428572 1 67 88 1
210.71428571428572 2 60 44 1
210.89285714285714 0 77 0 0
210.89285714285714 1 67 0 0
210.89285714285714 2 60 0 0
210.89285714285714 0 75 54 1
210.89285714285714 1 65 88 1
210.89285714285714 2 63 44 1
210.98214285714286 0 75 0 0
210.98214285714286 0 74 54 1
211.07142857142856 1 65 0 0
211.07142857142856 2 63 0 0
211.07142857142858 0 74 0 0
211.07142857142858 0 72 54 1
211.07142857142858 1 65 88 1
211.07142857142858 2 63 44 1
211.25 1 65 0 0
211.25 2 63 0 0
211.25 1 67 88 1
211.25 2 60 44 1
211.42857142857142 1 67 0 0
211.42857142857142 2 60 0 0
211.42857142857144 0 72 0 0
211.42857142857144 0 74 54 1
211.42857142857144 1 65 88 1
211.42857142857144 2 63 44 1
211.60714285714286 1 65 0 0
211.60714285714286 2 63 0 0
211.60714285714286 1 65 88 1
211.60714285714286 2 62 44 1
211.60714285714286 3 56 54 1
211.78571428571428 1 65 0 0
211.78571428571428 2 62 0 0
211.78571428571428 1 70 88 1
211.78571428571428 2 58 44 1
211.9642857142857 1 70 0 0
211.9642857142857 2 58 0 0
211.96428571428572 0 74 0 0
211.96428571428572 1 65 88 1
211.96428571428572 2 62 44 1
212.14285714285714 3 56 0 0
212.14285714285714 1 65 0 0
212.14285714285714 2 62 0 0
212.14285714285714 0 75 54 1
212.14285714285714 1 67 88 1
212.14285714285714 2 63 44 1
212.14285714285714 3 55 54 1
212.32142857142856 1 67 0 0
212.32142857142856 2 63 0 0
212.32142857142858 1 70 88 1
212.32142857142858 2 58 44 1
212.5 3 55 0 0
212.5 1 70 0 0
212.5 2 58 0 0
212.5 1 67 88 1
212.5 2 63 44 1
212.67857142857142 1 67 0 0
212.67857142857142 2 63 0 0
212.67857142857144 1 67 88 1
212.67857142857144 2 63 44 1
212.85714285714286 1 67 0 0
212.85714285714286 2 63 0 0
212.85714285714286 1 70 88 1
212.85714285714286 2 58 44 1
213.03571428571428 1 70 0 0
213.03571428571428 2 58 0 0
213.03571428571428 1 67 88 1
213.03571428571428 2 63 44 1
213.2142857142857 1 67 0 0
213.2142857142857 2 63 0 0
213.21428571428572 0 75 0 0
213.21428571428572 0 79 54 1
213.21428571428572 1 67 88 1
213.21428571428572 2 63 44 1
213.21428571428572 3 51 54 1
213.39285714285714 1 67 0 0
213.39285714285714 2 63 0 0
213.39285714285714 1 70 88 1
213.39285714285714 2 58 44 1
213.57142857142856 1 70 0 0
213.57142857142856 2 58 0 0
213.57142857142858 3 51 0 0
213.57142857142858 1 67 88 1
213.57142857142858 2 63 44 1
213.75 0 79 0 0
213.75 1 67 0 0
213.75 2 63 0 0
213.75 0 82 54 1
213.75 1 67 88 1
213.75 2 63 44 1
213.92857142857142 1 67 0 0
213.92857142857142 2 63 0 0
213.92857142857144 1 70 88 1
213.92857142857144 2 58 44 1
214.10714285714286 1 70 0 0
214.10714285714286 2 58 0 0
214.10714285714286 1 67 88 1
214.10714285714286 2 63 44 1
214.28571428571428 0 82 0 0
214.28571428571428 1 67 0 0
214.28571428571428 2 63 0 0
214.28571428571428 0 82 54 1
214.28571428571428 1 65 88 1
214.28571428571428 2 62 44 1
214.28571428571428 3 46 54 1
214.4642857142857 1 65 0 0
214.4642857142857 2 62 0 0
214.46428571428572 1 70 88 1
214.46428571428572 2 58 44 1
214.64285714285714 1 70 0 0
214.64285714285714 2 58 0 0
214.64285714285714 1 65 88 1
214.64285714285714 2 62 44 1
214.82142857142856 1 65 0 0
214.82142857142856 2 62 0 0
214.82142857142858 1 65 88 1
214.82142857142858 2 62 44 1
215.0 1 65 0 0
215.0 2 62 0 0
215.0 1 70 88 1
215.0 2 58 44 1
215.17857142857142 1 70 0 0
215.17857142857142 2 58 0 0
215.17857142857144 0 82 0 0
215.17857142857144 0 81 54 1
215.17857142857144 1 65 88 1
215.17857142857144 2 62 44 1
215.26785714285714 0 79 54 1
215.26785714285717 0 81 0 0
215.35714285714286 3 46 0 0
215.35714285714286 1 65 0 0
215.35714285714286 2 62 0 0
215.35714285714286 0 79 0 0
215.35714285714286 0 77 54 1
215.35714285714286 1 65 88 1
215.35714285714286 2 62 44 1
215.35714285714286 3 58 54 1
215.53571428571428 1 65 0 0
215.53571428571428 2 62 0 0
215.53571428571428 1 70 88 1
215.53571428571428 2 58 44 1
215.7142857142857 1 70 0 0
215.7142857142857 2 58 0 0
215.71428571428572 3 58 0 0
215.71428571428572 1 65 88 1
215.71428571428572 2 62 44 1
215.89285714285714 0 77 0 0
215.89285714285714 1 65 0 0
215.89285714285714 2 62 0 0
215.89285714285714 0 79 54 1
215.89285714285714 1 67 88 1
215.89285714285714 2 65 44 1
215.89285714285714 3 59 54 1
216.07142857142856 1 67 0 0
216.07142857142856 2 65 0 0
216.07142857142858 1 74 88 1
216.07142857142858 2 62 44 1
216.25 1 74 0 0
216.25 2 62 0 0
216.25 1 67 88 1
216.25 2 65 44 1
216.42857142857142 0 79 0 0
216.42857142857142 3 59 0 0
216.42857142857142 1 67 0 0
216.42857142857142 2 65 0 0
216.42857142857144 0 75 54 1
216.42857142857144 1 67 88 1
216.42857142857144 2 63 44 1
216.42857142857144 3 60 54 1
216.60714285714286 1 67 0 0
216.60714285714286 2 63 0 0
216.60714285714286 1 72 88 1
216.60714285714286 2 60 44 1
216.78571428571428 1 72 0 0
216.78571428571428 2 60 0 0
216.78571428571428 1 67 88 1
216.78571428571428 2 63 44 1
216.7857142857143 3 60 0 0
216.9642857142857 1 67 0 0
216.9642857142857 2 63 0 0
216.96428571428572 0 75 0 0
216.96428571428572 0 79 54 1
216.96428571428572 1 65 88 1
216.96428571428572 2 63 44 1
216.96428571428572 3 57 54 1
217.14285714285714 1 65 0 0
217.14285714285714 2 63 0 0
217.14285714285714 1 72 88 1
217.14285714285714 2 60 44 1
217.32142857142856 1 72 0 0
217.32142857142856 2 60 0 0
217.32142857142858 0 79 0 0
217.32142857142858 0 68 54 1
217.32142857142858 0 77 54 1
217.32142857142858 1 65 88 1
217.32142857142858 2 63 44 1
217.5 3 57 0 0
217.5 1 65 0 0
217.5 2 63 0 0
217.5 1 65 88 1
217.5 2 62 44 1
217.5 3 58 54 1
217.67857142857142 1 65 0 0
217.67857142857142 2 62 0 0
217.67857142857144 0 68 0 0
217.67857142857144 0 77 0 0
217.67857142857144 1 70 88 1
217.67857142857144 2 58 44 1
217.85714285714286 3 58 0 0
217.85714285714286 1 70 0 0
217.85714285714286 2 58 0 0
217.85714285714286 1 65 88 1
217.85714285714286 2 62 44 1
217.85714285714286 3 55 54 1
218.03571428571428 1 65 0 0
218.03571428571428 2 62 0 0
218.03571428571428 1 63 88 1
218.03571428571428 2 58 44 1
218.2142857142857 1 63 0 0
218.2142857142857 2 58 0 0
218.21428571428572 3 55 0 0
218.21428571428572 1 67 88 1
218.21428571428572 2 55 44 1
218.39285714285714 1 67 0 0
218.39285714285714 1 63 88 1
218.48214285714286 2 55 0 0
218.48214285714286 2 58 44 1
218.57142857142856 1 63 0 0
218.57142857142858 0 74 54 1
218.57142857142858 1 62 88 1
218.57142857142858 2 58 44 1
218.57142857142858 3 53 54 1
218.66071428571428 2 58 0 0
218.75 1 62 0 0
218.75 2 58 0 0
218.75 1 65 88 1
218.75 2 53 44 1
218.92857142857142 1 65 0 0
218.92857142857142 2 53 0 0
218.92857142857144 1 62 88 1
218.92857142857144 2 58 44 1
219.10714285714286 1 62 0 0
219.10714285714286 2 58 0 0
219.10714285714286 1 62 88 1
219.10714285714286 2 58 44 1
219.28571428571428 1 62 0 0
219.28571428571428 2 58 0 0
219.28571428571428 1 65 88 1
219.28571428571428 2 53 44 1
219.2857142857143 0 74 0 0
219.4642857142857 1 65 0 0
219.4642857142857 2 53 0 0
219.46428571428572 1 62 88 1
219.46428571428572 2 58 44 1
219.64285714285714 1 62 0 0
219.64285714285714 2 58 0 0
219.64285714285714 0 72 54 1
219.64285714285714 1 60 88 1
219.64285714285714 2 57 44 1
219.82142857142856 1 60 0 0
219.82142857142856 2 57 0 0
219.82142857142858 1 65 88 1
219.82142857142858 2 53 44 1
220.0 3 53 0 0
220.0 1 65 0 0
220.0 2 53 0 0
220.0 1 60 88 1
220.0 2 57 44 1
220.17857142857142 0 72 0 0
220.17857142857142 1 60 0 0
220.17857142857142 2 57 0 0
220.17857142857144 0 74 54 1
220.17857142857144 1 65 88 1
220.17857142857144 2 56 44 1
220.17857142857144 3 58 54 1
220.35714285714286 1 65 0 0
220.35714285714286 2 56 0 0
220.35714285714286 1 68 88 1
220.35714285714286 2 53 44 1
220.53571428571428 1 68 0 0
220.53571428571428 2 53 0 0
220.53571428571428 1 65 88 1
220.53571428571428 2 56 44 1
220.5357142857143 3 58 0 0
220.7142857142857 1 65 0 0
220.7142857142857 2 56 0 0
220.71428571428572 0 74 0 0
220.71428571428572 0 75 54 1
220.71428571428572 1 63 88 1
220.71428571428572 2 55 44 1
220.71428571428572 3 51 54 1
220.89285714285714 1 63 0 0
220.89285714285714 2 55 0 0
220.89285714285714 1 72 88 1
220.89285714285714 2 68 44 1
221.07142857142856 1 72 0 0
221.07142857142856 2 68 0 0
221.07142857142858 1 70 88 1
221.07142857142858 2 67 44 1
221.25 1 70 0 0
221.25 2 67 0 0
221.25 1 70 88 1
221.25 2 67 44 1
221.42857142857142 1 70 0 0
221.42857142857142 2 67 0 0
221.42857142857144 1 72 88 1
221.42857142857144 2 63 44 1
221.60714285714286 1 72 0 0
221.60714285714286 2 63 0 0
221.60714285714286 1 70 88 1
221.60714285714286 2 67 44 1
221.78571428571428 1 70 0 0
221.78571428571428 2 67 0 0
221.78571428571428 0 79 54 1
221.78571428571428 1 70 88 1
221.78571428571428 2 67 44 1
221.78571428571428 3 63 54 1
221.7857142857143 0 75 0 0
221.7857142857143 3 51 0 0
221.9642857142857 1 70 0 0
221.9642857142857 2 67 0 0
221.96428571428572 1 72 88 1
221.96428571428572 2 63 44 1
222.14285714285714 1 72 0 0
222.14285714285714 2 63 0 0
222.14285714285714 1 70 88 1
222.14285714285714 2 67 44 1
222.32142857142856 0 79 0 0
222.32142857142856 1 70 0 0
222.32142857142856 2 67 0 0
222.32142857142858 0 82 54 1
222.32142857142858 1 70 88 1
222.32142857142858 2 67 44 1
222.5 3 63 0 0
222.5 1 70 0 0
222.5 2 67 0 0
222.5 1 72 88 1
222.5 2 63 44 1
222.67857142857142 1 72 0 0
222.67857142857142 2 63 0 0
222.67857142857144 1 70 88 1
222.67857142857144 2 67 44 1
222.85714285714286 0 82 0 0
222.85714285714286 1 70 0 0
222.85714285714286 2 67 0 0
222.85714285714286 0 82 54 1
222.85714285714286 1 70 88 1
222.85714285714286 2 68 44 1
222.85714285714286 3 62 54 1
223.03571428571428 1 70 0 0
223.03571428571428 2 68 0 0
223.03571428571428 1 72 88 1
223.03571428571428 2 65 44 1
223.2142857142857 1 72 0 0
223.2142857142857 2 65 0 0
223.21428571428572 1 70 88 1
223.21428571428572 2 68 44 1
223.39285714285714 1 70 0 0
223.39285714285714 2 68 0 0
223.39285714285714 1 70 88 1
223.39285714285714 2 68 44 1
223.57142857142856 1 70 0 0
223.57142857142856 2 68 0 0
223.57142857142858 1 72 88 1
223.57142857142858 2 65 44 1
223.75 0 82 0 0
223.75 1 72 0 0
223.75 2 65 0 0
223.75 0 80 54 1
223.75 1 70 88 1
223.75 2 68 44 1
223.83928571428572 0 80 0 0
223.83928571428572 0 79 54 1
223.92857142857142 1 70 0 0
223.92857142857142 2 68 0 0
223.92857142857144 0 79 0 0
223.92857142857144 0 77 54 1
223.92857142857144 1 70 88 1
223.92857142857144 2 68 44 1
224.10714285714286 1 70 0 0
224.10714285714286 2 68 0 0
224.10714285714286 1 72 88 1
224.10714285714286 2 65 44 1
224.28571428571428 1 72 0 0
224.28571428571428 2 65 0 0
224.28571428571428 1 70 88 1
224.28571428571428 2 68 44 1
224.4642857142857 1 70 0 0
224.4642857142857 2 68 0 0
224.46428571428572 3 62 0 0
224.46428571428572 0 77 0 0
224.46428571428572 0 79 54 1
224.46428571428572 1 70 88 1
224.46428571428572 2 67 44 1
224.46428571428572 3 61 54 1
224.64285714285714 1 70 0 0
224.64285714285714 2 67 0 0
224.64285714285714 1 75 88 1
224.64285714285714 2 63 44 1
224.82142857142856 2 63 0 0
224.82142857142858 2 67 44 1
224.91071428571428 1 75 0 0
224.91071428571428 1 70 88 1
225.0 0 79 0 0
225.0 3 61 0 0
225.0 2 67 0 0
225.0 0 80 54 1
225.0 1 72 88 1
225.0 2 68 44 1
225.0 3 60 54 1
225.0892857142857 1 70 0 0
225.17857142857142 1 72 0 0
225.17857142857142 2 68 0 0
225.17857142857144 1 75 88 1
225.17857142857144 2 63 44 1
225.35714285714286 1 75 0 0
225.35714285714286 2 63 0 0
225.35714285714286 1 72 88 1
225.35714285714286 2 67 44 1
225.35714285714286 2 70 44 1
225.53571428571428 1 72 0 0
225.53571428571428 2 67 0 0
225.53571428571428 2 70 0 0
225.53571428571428 1 72 88 1
225.53571428571428 2 68 44 1
225.7142857142857 1 72 0 0
225.7142857142857 2 68 0 0
225.71428571428572 0 80 0 0
225.71428571428572 3 60 0 0
225.71428571428572 1 75 88 1
225.71428571428572 2 63 44 1
225.89285714285714 1 75 0 0
225.89285714285714 2 63 0 0
225.89285714285714 1 72 88 1
225.89285714285714 2 68 44 1
226.07142857142856 1 72 0 0
226.07142857142856 2 68 0 0
226.07142857142858 0 84 54 1
226.07142857142858 1 72 88 1
226.07142857142858 2 68 44 1
226.07142857142858 3 56 54 1
226.25 1 72 0 0
226.25 2 68 0 0
226.25 1 75 88 1
226.25 2 63 44 1
226.42857142857142 1 75 0 0
226.42857142857142 2 63 0 0
226.42857142857144 1 72 88 1
226.42857142857144 2 67 44 1
226.42857142857144 2 70 44 1
226.60714285714286 0 84 0 0
226.60714285714286 1 72 0 0
226.60714285714286 2 67 0 0
226.60714285714286 2 70 0 0
226.60714285714286 0 87 54 1
226.60714285714286 1 72 88 1
226.60714285714286 2 68 44 1
226.78571428571428 1 72 0 0
226.78571428571428 2 68 0 0
226.78571428571428 1 75 88 1
226.78571428571428 2 63 44 1
226.9642857142857 1 75 0 0
226.9642857142857 2 63 0 0
226.96428571428572 0 87 0 0
226.96428571428572 1 72 88 1
226.96428571428572 2 68 44 1
227.14285714285714 1 72 0 0
227.14285714285714 2 68 0 0
227.14285714285714 0 87 54 1
227.14285714285714 1 70 88 1
227.14285714285714 2 67 44 1
227.14285714285714 3 51 54 1
227.14285714285717 3 56 0 0
227.32142857142856 1 70 0 0
227.32142857142856 2 67 0 0
227.32142857142858 1 75 88 1
227.32142857142858 2 63 44 1
227.5 2 63 0 0
227.5 2 67 44 1
227.58928571428572 1 75 0 0
227.58928571428572 1 70 88 1
227.67857142857142 2 67 0 0
227.67857142857144 2 67 44 1
227.76785714285714 1 70 0 0
227.76785714285714 1 70 88 1
227.85714285714286 0 87 0 0
227.85714285714286 2 67 0 0
227.85714285714286 0 72 54 1
227.85714285714286 0 86 54 1
227.85714285714286 2 63 44 1
227.94642857142856 1 70 0 0
227.94642857142858 1 75 88 1
228.03571428571428 2 63 0 0
228.03571428571428 2 67 44 1
228.125 1 75 0 0
228.125 1 70 88 1
228.2142857142857 2 67 0 0
228.21428571428572 3 51 0 0
228.21428571428572 0 72 0 0
228.21428571428572 0 86 0 0
228.21428571428572 0 82 54 1
228.21428571428572 1 70 88 1
228.21428571428572 2 67 44 1
228.21428571428572 3 63 54 1
228.30357142857142 1 70 0 0
228.39285714285714 1 70 0 0
228.39285714285714 2 67 0 0
228.39285714285714 1 75 88 1
228.39285714285714 2 63 44 1
228.57142857142856 2 63 0 0
228.57142857142858 2 67 44 1
228.66071428571428 1 75 0 0
228.66071428571428 1 70 88 1
228.75 0 82 0 0
228.75 3 63 0 0
228.75 2 67 0 0
228.75 0 84 54 1
228.75 2 70 44 1
228.75 3 64 54 1
228.8392857142857 1 70 0 0
228.83928571428572 1 72 88 1
228.92857142857142 2 70 0 0
228.92857142857144 2 67 44 1
229.01785714285714 1 72 0 0
229.01785714285714 1 80 88 1
229.10714285714286 2 67 0 0
229.10714285714286 2 70 44 1
229.19642857142856 1 80 0 0
229.19642857142858 1 72 88 1
229.28571428571428 0 84 0 0
229.28571428571428 3 64 0 0
229.28571428571428 2 70 0 0
229.28571428571428 0 80 54 1
229.28571428571428 1 72 88 1
229.28571428571428 2 68 44 1
229.28571428571428 3 65 54 1
229.375 1 72 0 0
229.4642857142857 1 72 0 0
229.4642857142857 2 68 0 0
229.46428571428572 1 77 88 1
229.46428571428572 2 65 44 1
229.64285714285714 1 77 0 0
229.64285714285714 2 65 0 0
229.64285714285714 1 72 88 1
229.64285714285714 2 68 44 1
229.82142857142856 0 80 0 0
229.82142857142856 3 65 0 0
229.82142857142856 1 72 0 0
229.82142857142856 2 68 0 0
229.82142857142858 0 82 54 1
229.82142857142858 1 70 88 1
229.82142857142858 2 68 44 1
229.82142857142858 3 62 54 1
230.0 0 82 0 0
230.0 1 70 0 0
230.0 2 68 0 0
230.0 1 77 88 1
230.0 2 65 44 1
230.17857142857142 1 77 0 0
230.17857142857142 2 65 0 0
230.17857142857144 1 70 88 1
230.17857142857144 2 68 44 1
230.35714285714286 3 62 0 0
230.35714285714286 1 70 0 0
230.35714285714286 2 68 0 0
230.35714285714286 0 79 54 1
230.35714285714286 1 70 88 1
230.35714285714286 2 67 44 1
230.35714285714286 3 63 54 1
230.53571428571428 1 70 0 0
230.53571428571428 2 67 0 0
230.53571428571428 1 75 88 1
230.53571428571428 2 63 44 1
230.7142857142857 1 75 0 0
230.7142857142857 2 63 0 0
230.71428571428572 0 79 0 0
230.71428571428572 3 63 0 0
230.71428571428572 0 75 54 1
230.71428571428572 1 70 88 1
230.71428571428572 2 67 44 1
230.71428571428572 3 60 54 1
230.89285714285714 1 70 0 0
230.89285714285714 2 67 0 0
230.89285714285714 1 68 88 1
230.89285714285714 2 63 44 1
231.07142857142856 1 68 0 0
231.07142857142856 2 63 0 0
231.07142857142858 0 75 0 0
231.07142857142858 0 82 54 1
231.07142857142858 1 72 88 1
231.07142857142858 2 60 44 1
231.25 3 60 0 0
231.25 1 72 0 0
231.25 2 60 0 0
231.25 1 68 88 1
231.25 2 63 44 1
231.42857142857142 1 68 0 0
231.42857142857142 2 63 0 0
231.42857142857144 0 82 0 0
231.42857142857144 0 79 54 1
231.42857142857144 1 67 88 1
231.42857142857144 2 63 44 1
231.42857142857144 3 58 54 1
231.60714285714286 1 67 0 0
231.60714285714286 2 63 0 0
231.60714285714286 1 70 88 1
231.60714285714286 2 58 44 1
231.78571428571428 1 70 0 0
231.78571428571428 2 58 0 0
231.78571428571428 1 67 88 1
231.78571428571428 2 63 44 1
231.9642857142857 1 67 0 0
231.9642857142857 2 63 0 0
231.96428571428572 1 67 88 1
231.96428571428572 2 63 44 1
232.14285714285714 1 67 0 0
232.14285714285714 2 63 0 0
232.14285714285714 1 70 88 1
232.14285714285714 2 58 44 1
232.32142857142856 1 70 0 0
232.32142857142856 2 58 0 0
232.32142857142858 1 67 88 1
232.32142857142858 2 63 44 1
232.5 1 67 0 0
232.5 2 63 0 0
232.5 0 78 54 1
232.5 1 66 88 1
232.5 2 63 44 1
232.50000000000003 0 79 0 0
232.67857142857142 1 66 0 0
232.67857142857142 2 63 0 0
232.67857142857144 1 70 88 1
232.67857142857144 2 58 44 1
232.85714285714286 1 70 0 0
232.85714285714286 2 58 0 0
232.85714285714286 1 66 88 1
232.85714285714286 2 63 44 1
233.03571428571428 0 78 0 0
233.03571428571428 1 66 0 0
233.03571428571428 2 63 0 0
233.03571428571428 0 77 54 1
233.03571428571428 1 65 88 1
233.03571428571428 2 62 44 1
233.2142857142857 1 65 0 0
233.2142857142857 2 62 0 0
233.21428571428572 1 70 88 1
233.21428571428572 2 58 44 1
233.39285714285714 1 70 0 0
233.39285714285714 2 58 0 0
233.39285714285714 1 65 88 1
233.39285714285714 2 62 44 1
233.57142857142856 0 77 0 0
233.57142857142856 1 65 0 0
233.57142857142856 2 62 0 0
233.57142857142858 3 58 0 0
233.57142857142858 0 76 54 1
233.57142857142858 1 64 88 1
233.57142857142858 2 61 44 1
233.57142857142858 3 58 54 1
233.75 1 64 0 0
233.75 2 61 0 0
233.75 1 67 88 1
233.75 2 58 44 1
233.92857142857142 1 67 0 0
233.92857142857142 2 58 0 0
233.92857142857144 1 64 88 1
233.92857142857144 2 61 44 1
234.10714285714286 0 76 0 0
234.10714285714286 1 64 0 0
234.10714285714286 2 61 0 0
234.10714285714286 0 77 54 1
234.10714285714286 1 64 88 1
234.10714285714286 2 61 44 1
234.28571428571428 1 64 0 0
234.28571428571428 2 61 0 0
234.28571428571428 1 67 88 1
234.28571428571428 2 58 44 1
234.4642857142857 1 67 0 0
234.4642857142857 2 58 0 0
234.46428571428572 0 77 0 0
234.46428571428572 0 79 54 1
234.46428571428572 1 64 88 1
234.46428571428572 2 61 44 1
234.64285714285714 0 79 0 0
234.64285714285714 1 64 0 0
234.64285714285714 2 61 0 0
234.64285714285714 0 82 54 1
234.64285714285714 1 65 88 1
234.64285714285714 2 60 44 1
234.64285714285714 3 56 54 1
234.64285714285717 3 58 0 0
234.82142857142856 1 65 0 0
234.82142857142856 2 60 0 0
234.82142857142858 1 68 88 1
234.82142857142858 2 56 44 1
235.0 0 82 0 0
235.0 1 68 0 0
235.0 2 56 0 0
235.0 0 72 54 1
235.0 0 80 54 1
235.0 1 65 88 1
235.0 2 60 44 1
235.17857142857142 3 56 0 0
235.17857142857142 1 65 0 0
235.17857142857142 2 60 0 0
235.17857142857144 1 60 88 1
235.17857142857144 2 56 44 1
235.17857142857144 3 44 54 1
235.35714285714286 0 72 0 0
235.35714285714286 0 80 0 0
235.35714285714286 1 60 0 0
235.35714285714286 2 56 0 0
235.35714285714286 0 79 54 1
235.35714285714286 1 65 88 1
235.35714285714286 2 60 44 1
235.53571428571428 1 65 0 0
235.53571428571428 2 60 0 0
235.53571428571428 1 60 88 1
235.53571428571428 2 56 44 1
235.7142857142857 1 60 0 0
235.7142857142857 2 56 0 0
235.71428571428572 3 44 0 0
235.71428571428572 0 79 0 0
235.71428571428572 0 75 54 1
235.71428571428572 1 58 88 1
235.71428571428572 2 55 44 1
235.71428571428572 3 46 54 1
235.89285714285714 1 58 0 0
235.89285714285714 2 55 0 0
235.89285714285714 1 63 88 1
235.89285714285714 2 58 44 1
236.07142857142856 1 63 0 0
236.07142857142856 2 58 0 0
236.07142857142858 1 58 88 1
236.07142857142858 2 55 44 1
236.25 1 58 0 0
236.25 2 55 0 0
236.25 1 58 88 1
236.25 2 55 44 1
236.42857142857142 1 58 0 0
236.42857142857142 2 55 0 0
236.42857142857144 1 63 88 1
236.42857142857144 2 58 44 1
236.60714285714286 1 63 0 0
236.60714285714286 2 58 0 0
236.60714285714286 1 58 88 1
236.60714285714286 2 55 44 1
236.78571428571428 1 58 0 0
236.78571428571428 2 55 0 0
236.78571428571428 0 74 54 1
236.78571428571428 1 58 88 1
236.78571428571428 2 53 44 1
236.7857142857143 0 75 0 0
236.9642857142857 1 58 0 0
236.9642857142857 2 53 0 0
236.96428571428572 1 62 88 1
236.96428571428572 2 58 44 1
237.14285714285714 3 46 0 0
237.14285714285714 1 62 0 0
237.14285714285714 2 58 0 0
237.14285714285714 1 58 88 1
237.14285714285714 2 53 44 1
237.14285714285714 3 48 54 1
237.32142857142856 0 74 0 0
237.32142857142856 1 58 0 0
237.32142857142856 2 53 0 0
237.32142857142858 0 82 54 1
237.32142857142858 1 68 88 1
237.32142857142858 2 65 44 1
237.5 3 48 0 0
237.5 1 68 0 0
237.5 2 65 0 0
237.5 1 70 88 1
237.5 2 58 44 1
237.67857142857142 1 70 0 0
237.67857142857142 2 58 0 0
237.67857142857144 1 68 88 1
237.67857142857144 2 65 44 1
237.85714285714286 1 68 0 0
237.85714285714286 2 65 0 0
237.85714285714286 1 67 88 1
237.85714285714286 2 63 44 1
238.03571428571428 1 67 0 0
238.03571428571428 2 63 0 0
238.03571428571428 1 70 88 1
238.03571428571428 2 58 44 1
238.2142857142857 1 70 0 0
238.2142857142857 2 58 0 0
238.21428571428572 1 67 88 1
238.21428571428572 2 63 44 1
238.39285714285714 0 82 0 0
238.39285714285714 1 67 0 0
238.39285714285714 2 63 0 0
238.39285714285714 0 79 54 1
238.39285714285714 1 67 88 1
238.39285714285714 2 63 44 1
238.39285714285714 3 58 54 1
238.57142857142856 1 67 0 0
238.57142857142856 2 63 0 0
238.57142857142858 1 70 88 1
238.57142857142858 2 58 44 1
238.75 1 70 0 0
238.75 2 58 0 0
238.75 1 67 88 1
238.75 2 63 44 1
238.92857142857142 0 79 0 0
238.92857142857142 1 67 0 0
238.92857142857142 2 63 0 0
238.92857142857144 0 78 54 1
238.92857142857144 1 66 88 1
238.92857142857144 2 63 44 1
239.10714285714286 1 66 0 0
239.10714285714286 2 63 0 0
239.10714285714286 1 70 88 1
239.10714285714286 2 58 44 1
239.28571428571428 1 70 0 0
239.28571428571428 2 58 0 0
239.28571428571428 1 66 88 1
239.28571428571428 2 63 44 1
239.4642857142857 1 66 0 0
239.4642857142857 2 63 0 0
239.46428571428572 0 78 0 0
239.46428571428572 0 77 54 1
239.46428571428572 1 65 88 1
239.46428571428572 2 62 44 1
239.64285714285714 1 65 0 0
239.64285714285714 2 62 0 0
239.64285714285714 1 70 88 1
239.64285714285714 2 58 44 1
239.82142857142856 1 70 0 0
239.82142857142856 2 58 0 0
239.82142857142858 1 65 88 1
239.82142857142858 2 62 44 1
240.0 0 77 0 0
240.0 1 65 0 0
240.0 2 62 0 0
240.0 0 76 54 1
240.0 1 64 88 1
240.0 2 61 44 1
240.0 3 58 54 1
240.00000000000003 3 58 0 0
240.17857142857142 1 64 0 0
240.17857142857142 2 61 0 0
240.17857142857144 1 67 88 1
240.17857142857144 2 58 44 1
240.35714285714286 1 67 0 0
240.35714285714286 2 58 0 0
240.35714285714286 1 64 88 1
240.35714285714286 2 61 44 1
240.53571428571428 0 76 0 0
240.53571428571428 1 64 0 0
240.53571428571428 2 61 0 0
240.53571428571428 0 77 54 1
240.53571428571428 1 64 88 1
240.53571428571428 2 61 44 1
240.7142857142857 1 64 0 0
240.7142857142857 2 61 0 0
240.71428571428572 1 67 88 1
240.71428571428572 2 58 44 1
240.89285714285714 0 77 0 0
240.89285714285714 1 67 0 0
240.89285714285714 2 58 0 0
240.89285714285714 0 79 54 1
240.89285714285714 1 64 88 1
240.89285714285714 2 61 44 1
241.07142857142856 0 79 0 0
241.07142857142856 1 64 0 0
241.07142857142856 2 61 0 0
241.07142857142858 3 58 0 0
241.07142857142858 0 84 54 1
241.07142857142858 1 65 88 1
241.07142857142858 2 60 44 1
241.07142857142858 3 56 54 1
241.25 1 65 0 0
241.25 2 60 0 0
241.25 1 68 88 1
241.25 2 56 44 1
241.42857142857142 1 68 0 0
241.42857142857142 2 56 0 0
241.42857142857144 0 84 0 0
241.42857142857144 0 72 54 1
241.42857142857144 0 80 54 1
241.42857142857144 1 65 88 1
241.42857142857144 2 60 44 1
241.60714285714286 3 56 0 0
241.60714285714286 1 65 0 0
241.60714285714286 2 60 0 0
241.60714285714286 1 60 88 1
241.60714285714286 2 56 44 1
241.60714285714286 3 44 54 1
241.78571428571428 1 60 0 0
241.78571428571428 2 56 0 0
241.78571428571428 0 79 54 1
241.78571428571428 1 65 88 1
241.78571428571428 2 60 44 1
241.7857142857143 0 72 0 0
241.7857142857143 0 80 0 0
241.9642857142857 1 65 0 0
241.9642857142857 2 60 0 0
241.96428571428572 1 60 88 1
241.96428571428572 2 56 44 1
242.14285714285714 3 44 0 0
242.14285714285714 0 79 0 0
242.14285714285714 1 60 0 0
242.14285714285714 2 56 0 0
242.14285714285714 0 75 54 1
242.14285714285714 1 58 88 1
242.14285714285714 2 55 44 1
242.14285714285714 3 46 54 1
242.32142857142856 1 58 0 0
242.32142857142856 2 55 0 0
242.32142857142858 1 63 88 1
242.32142857142858 2 58 44 1
242.5 1 63 0 0
242.5 2 58 0 0
242.5 1 58 88 1
242.5 2 55 44 1
242.67857142857142 1 58 0 0
242.67857142857142 2 55 0 0
242.67857142857144 1 58 88 1
242.67857142857144 2 55 44 1
242.85714285714286 1 58 0 0
242.85714285714286 2 55 0 0
242.85714285714286 1 63 88 1
242.85714285714286 2 58 44 1
243.03571428571428 1 63 0 0
243.03571428571428 2 58 0 0
243.03571428571428 1 58 88 1
243.03571428571428 2 55 44 1
243.2142857142857 1 58 0 0
243.2142857142857 2 55 0 0
243.21428571428572 0 75 0 0
243.21428571428572 0 70 54 1
243.21428571428572 1 58 88 1
243.21428571428572 2 56 44 1
243.39285714285714 1 58 0 0
243.39285714285714 2 56 0 0
243.39285714285714 1 62 88 1
243.39285714285714 2 58 44 1
243.57142857142856 1 62 0 0
243.57142857142856 2 58 0 0
243.57142857142858 1 58 88 1
243.57142857142858 2 56 44 1
243.75 1 58 0 0
243.75 2 56 0 0
243.75 1 58 88 1
243.75 2 56 44 1
243.92857142857142 1 58 0 0
243.92857142857142 2 56 0 0
243.92857142857144 1 62 88 1
243.92857142857144 2 58 44 1
244.10714285714286 1 62 0 0
244.10714285714286 2 58 0 0
244.10714285714286 1 58 88 1
244.10714285714286 2 56 44 1
244.28571428571428 1 58 0 0
244.28571428571428 2 56 0 0
244.28571428571428 1 58 88 1
244.28571428571428 1 65 88 1
244.28571428571428 1 67 88 1
244.28571428571428 1 68 88 1
244.2857142857143 3 46 0 0
244.2857142857143 0 70 0 0
245.0 1 58 0 0
245.0 1 65 0 0
245.0 1 67 0 0
245.0 1 68 0 0
245.35714285714286 1 58 88 1
245.35714285714286 2 54 44 1
245.35714285714286 2 63 44 1
245.35714285714286 2 65 44 1
245.35714285714286 3 51 54 1
245.44642857142858 3 51 0 0
245.44642857142858 3 51 54 1
245.53571428571428 3 50 54 1
245.5357142857143 3 51 0 0
245.625 3 50 0 0
245.625 3 50 54 1
245.71428571428572 3 50 0 0
245.71428571428572 3 51 54 1
245.80357142857144 3 51 0 0
245.80357142857144 3 51 54 1
245.89285714285714 3 50 54 1
245.89285714285717 3 51 0 0
245.98214285714286 3 50 0 0
245.98214285714286 3 50 54 1
246.07142857142858 3 50 0 0
246.07142857142858 3 51 54 1
246.16071428571428 3 51 54 1
246.1607142857143 3 51 0 0
246.25 3 51 0 0
246.25 3 50 54 1
246.33928571428572 3 50 0 0
246.33928571428572 3 50 54 1
246.42857142857144 1 58 0 0
246.42857142857144 2 54 0 0
246.42857142857144 2 63 0 0
246.42857142857144 2 65 0 0
246.42857142857144 3 50 0 0
246.42857142857144 0 63 54 1
246.42857142857144 1 58 54 1
246.42857142857144 1 67 54 1
246.42857142857144 1 68 54 1
246.42857142857144 2 54 54 1
246.42857142857144 2 63 54 1
246.42857142857144 2 65 54 1
246.42857142857144 3 51 54 1
246.51785714285714 0 65 54 1
246.51785714285717 0 63 0 0
246.60714285714286 3 51 0 0
246.60714285714286 0 65 0 0
246.60714285714286 0 66 54 1
246.60714285714286 3 46 54 1
246.69642857142858 0 66 0 0
246.69642857142858 0 68 54 1
246.78571428571428 3 46 0 0
246.78571428571428 0 66 54 1
246.7857142857143 0 68 0 0
246.875 0 66 0 0
246.875 0 65 54 1
246.96428571428572 0 65 0 0
246.96428571428572 0 63 54 1
246.96428571428572 3 46 54 1
247.05357142857144 0 63 0 0
247.05357142857144 0 65 54 1
247.14285714285714 3 46 0 0
247.14285714285714 0 66 54 1
247.14285714285714 3 42 54 1
247.14285714285717 2 54 0 0
247.14285714285717 2 63 0 0
247.14285714285717 2 65 0 0
247.14285714285717 0 65 0 0
247.23214285714286 0 66 0 0
247.23214285714286 0 68 54 1
247.32142857142856 3 42 0 0
247.32142857142858 0 68 0 0
247.32142857142858 0 70 54 1
247.41071428571428 0 72 54 1
247.4107142857143 0 70 0 0
247.5 0 72 0 0
247.5 0 70 54 1
247.5 1 58 54 1
247.5 2 54 54 1
247.5 3 42 54 1
247.50000000000003 1 58 0 0
247.50000000000003 1 67 0 0
247.50000000000003 1 68 0 0
247.58928571428572 0 70 0 0
247.58928571428572 0 74 54 1
247.67857142857142 3 42 0 0
247.67857142857144 0 74 0 0
247.67857142857144 0 75 54 1
247.67857142857144 3 39 54 1
247.76785714285714 0 77 54 1
247.76785714285717 0 75 0 0
247.85714285714286 3 39 0 0
247.85714285714286 0 77 0 0
247.85714285714286 0 78 54 1
247.94642857142858 0 78 0 0
247.94642857142858 0 77 54 1
248.03571428571428 0 78 54 1
248.03571428571428 3 39 54 1
248.0357142857143 0 77 0 0
248.125 0 78 0 0
248.125 0 80 54 1
248.2142857142857 3 39 0 0
248.21428571428572 0 80 0 0
248.21428571428572 0 82 54 1
248.21428571428572 3 51 54 1
248.30357142857144 0 82 0 0
248.30357142857144 0 83 54 1
248.39285714285714 3 51 0 0
248.39285714285714 0 85 54 1
248.39285714285717 0 83 0 0
248.48214285714286 0 85 0 0
248.48214285714286 0 87 54 1
248.57142857142858 1 58 0 0
248.57142857142858 2 54 0 0
248.57142857142858 0 87 0 0
248.57142857142858 0 73 54 1
248.57142857142858 0 85 54 1
248.57142857142858 1 61 54 1
248.57142857142858 1 68 54 1
248.57142857142858 1 70 54 1
248.57142857142858 2 56 54 1
248.57142857142858 2 59 54 1
248.57142857142858 2 62 54 1
248.57142857142858 2 68 54 1
248.57142857142858 3 53 54 1
248.66071428571428 3 53 54 1
248.6607142857143 3 53 0 0
248.75 0 73 0 0
248.75 0 85 0 0
248.75 3 53 0 0
248.75 3 52 54 1
248.83928571428572 3 52 0 0
248.83928571428572 3 52 54 1
248.92857142857144 3 52 0 0
248.92857142857144 3 53 54 1
249.01785714285714 3 53 54 1
249.01785714285717 3 53 0 0
249.10714285714286 3 53 0 0
249.10714285714286 3 52 54 1
249.19642857142858 3 52 0 0
249.19642857142858 3 52 54 1
249.28571428571428 3 53 54 1
249.2857142857143 2 56 0 0
249.2857142857143 2 59 0 0
249.2857142857143 2 62 0 0
249.2857142857143 2 68 0 0
249.2857142857143 3 52 0 0
249.375 3 53 0 0
249.375 3 53 54 1
249.46428571428572 3 53 0 0
249.46428571428572 3 52 54 1
249.55357142857144 3 52 0 0
249.55357142857144 3 52 54 1
249.64285714285714 1 68 54 1
249.64285714285714 1 72 54 1
249.64285714285714 2 56 54 1
249.64285714285714 2 58 54 1
249.64285714285714 2 59 54 1
249.64285714285714 2 63 54 1
249.64285714285714 3 41 54 1
249.64285714285714 3 53 54 1
249.64285714285717 1 61 0 0
249.64285714285717 1 68 0 0
249.64285714285717 1 70 0 0
249.64285714285717 3 52 0 0
250.0 1 68 0 0
250.0 1 72 0 0
250.0 3 41 0 0
250.0 3 53 0 0
250.0 3 41 54 1
250.0 3 41 54 1
250.0 3 53 54 1
250.35714285714286 2 56 0 0
250.35714285714286 2 58 0 0
250.35714285714286 2 59 0 0
250.35714285714286 2 63 0 0
250.35714285714286 3 41 0 0
250.35714285714286 3 41 0 0
250.35714285714286 3 53 0 0
250.35714285714286 3 52 54 1
250.71428571428572 3 52 0 0
250.71428571428572 0 62 54 1
250.71428571428572 1 61 54 1
250.71428571428572 1 68 54 1
250.71428571428572 1 70 54 1
250.71428571428572 1 72 54 1
250.71428571428572 2 56 54 1
250.71428571428572 2 59 54 1
250.71428571428572 2 63 54 1
250.71428571428572 2 67 54 1
250.71428571428572 2 68 54 1
250.71428571428572 3 53 54 1
250.80357142857144 0 62 0 0
250.80357142857144 0 63 54 1
250.89285714285714 3 53 0 0
250.89285714285714 0 65 54 1
250.89285714285714 3 49 54 1
250.89285714285717 0 63 0 0
250.98214285714286 0 65 0 0
250.98214285714286 0 66 54 1
251.07142857142856 3 49 0 0
251.07142857142858 0 66 0 0
251.07142857142858 0 65 54 1
251.16071428571428 0 63 54 1
251.1607142857143 0 65 0 0
251.25 0 63 0 0
251.25 0 62 54 1
251.25 3 49 54 1
251.33928571428572 0 62 0 0
251.33928571428572 0 63 54 1
251.42857142857142 3 49 0 0
251.42857142857144 1 61 0 0
251.42857142857144 1 68 0 0
251.42857142857144 1 70 0 0
251.42857142857144 1 72 0 0
251.42857142857144 2 56 0 0
251.42857142857144 2 59 0 0
251.42857142857144 2 63 0 0
251.42857142857144 2 67 0 0
251.42857142857144 2 68 0 0
251.42857142857144 0 63 0 0
251.42857142857144 0 65 54 1
251.42857142857144 3 44 54 1
251.51785714285714 0 66 54 1
251.51785714285717 0 65 0 0
251.60714285714286 3 44 0 0
251.60714285714286 0 66 0 0
251.60714285714286 0 68 54 1
251.69642857142858 0 68 0 0
251.69642857142858 0 70 54 1
251.78571428571428 0 71 54 1
251.78571428571428 1 61 54 1
251.78571428571428 1 70 54 1
251.78571428571428 1 72 54 1
251.78571428571428 2 56 54 1
251.78571428571428 2 59 54 1
251.78571428571428 2 68 54 1
251.78571428571428 3 44 54 1
251.7857142857143 0 70 0 0
251.875 0 71 0 0
251.875 0 73 54 1
251.9642857142857 3 44 0 0
251.96428571428572 0 73 0 0
251.96428571428572 0 75 54 1
251.96428571428572 3 41 54 1
252.05357142857144 0 75 0 0
252.05357142857144 0 77 54 1
252.14285714285714 3 41 0 0
252.14285714285714 0 78 54 1
252.14285714285717 0 77 0 0
252.23214285714286 0 78 0 0
252.23214285714286 0 80 54 1
252.32142857142858 0 80 0 0
252.32142857142858 0 77 54 1
252.32142857142858 3 41 54 1
252.41071428571428 0 78 54 1
252.4107142857143 0 77 0 0
252.5 3 41 0 0
252.5 0 78 0 0
252.5 0 80 54 1
252.5 3 53 54 1
252.58928571428572 0 80 0 0
252.58928571428572 0 82 54 1
252.67857142857142 3 53 0 0
252.67857142857144 0 82 0 0
252.67857142857144 0 83 54 1
252.76785714285714 0 85 54 1
252.76785714285717 0 83 0 0
252.85714285714286 1 61 0 0
252.85714285714286 1 70 0 0
252.85714285714286 1 72 0 0
252.85714285714286 2 56 0 0
252.85714285714286 2 59 0 0
252.85714285714286 2 68 0 0
252.85714285714286 0 85 0 0
252.85714285714286 0 70 54 1
252.85714285714286 0 82 54 1
252.85714285714286 1 58 54 1
252.85714285714286 1 67 54 1
252.85714285714286 1 68 54 1
252.85714285714286 2 53 54 1
252.85714285714286 2 56 54 1
252.85714285714286 2 63 54 1
252.85714285714286 3 50 54 1
252.94642857142858 3 50 0 0
252.94642857142858 3 50 54 1
253.03571428571428 3 49 54 1
253.0357142857143 3 50 0 0
253.125 3 49 0 0
253.125 3 49 54 1
253.21428571428572 0 70 0 0
253.21428571428572 0 82 0 0
253.21428571428572 3 49 0 0
253.21428571428572 3 50 54 1
253.30357142857144 3 50 0 0
253.30357142857144 3 50 54 1
253.39285714285714 3 49 54 1
253.39285714285717 3 50 0 0
253.48214285714286 3 49 0 0
253.48214285714286 3 49 54 1
253.57142857142858 1 58 0 0
253.57142857142858 1 67 0 0
253.57142857142858 1 68 0 0
253.57142857142858 3 49 0 0
253.57142857142858 3 50 54 1
253.66071428571428 3 50 54 1
253.6607142857143 3 50 0 0
253.75 3 50 0 0
253.75 3 38 54 1
253.92857142857144 2 53 0 0
253.92857142857144 2 56 0 0
253.92857142857144 2 63 0 0
253.92857142857144 3 38 0 0
253.92857142857144 0 70 54 1
253.92857142857144 1 61 54 1
253.92857142857144 1 70 54 1
253.92857142857144 2 53 54 1
253.92857142857144 2 55 54 1
253.92857142857144 2 58 54 1
253.92857142857144 2 67 54 1
253.92857142857144 2 68 54 1
253.92857142857144 3 41 54 1
254.01785714285714 0 72 54 1
254.01785714285717 0 70 0 0
254.10714285714286 3 41 0 0
254.10714285714286 0 72 0 0
254.10714285714286 0 73 54 1
254.10714285714286 3 53 54 1
254.19642857142858 0 73 0 0
254.19642857142858 0 75 54 1
254.28571428571428 3 53 0 0
254.28571428571428 0 77 54 1
254.2857142857143 0 75 0 0
254.375 0 77 0 0
254.375 0 76 54 1
254.46428571428572 0 76 0 0
254.46428571428572 0 77 54 1
254.55357142857144 0 77 0 0
254.55357142857144 0 79 54 1
254.64285714285714 0 81 54 1
254.64285714285717 1 61 0 0
254.64285714285717 1 70 0 0
254.64285714285717 2 53 0 0
254.64285714285717 2 55 0 0
254.64285714285717 2 58 0 0
254.64285714285717 2 67 0 0
254.64285714285717 2 68 0 0
254.64285714285717 0 79 0 0
254.73214285714286 0 81 0 0
254.73214285714286 0 82 54 1
254.82142857142858 0 82 0 0
254.82142857142858 0 84 54 1
254.91071428571428 0 85 54 1
254.9107142857143 0 84 0 0
255.0 0 85 0 0
255.0 0 72 54 1
255.0 0 84 54 1
255.0 1 68 54 1
255.0 1 72 54 1
255.0 2 55 54 1
255.0 2 58 54 1
255.0 2 67 54 1
255.0 2 68 54 1
255.0 3 52 54 1
255.08928571428572 3 52 0 0
255.08928571428572 3 52 54 1
255.17857142857144 3 52 0 0
255.17857142857144 3 51 54 1
255.26785714285714 3 51 54 1
255.26785714285717 3 51 0 0
255.35714285714286 0 72 0 0
255.35714285714286 0 84 0 0
255.35714285714286 1 68 0 0
255.35714285714286 1 72 0 0
255.35714285714286 3 51 0 0
255.35714285714286 3 52 54 1
255.44642857142858 3 52 0 0
255.44642857142858 3 52 54 1
255.53571428571428 0 68 54 1
255.53571428571428 3 51 54 1
255.5357142857143 3 52 0 0
255.625 3 51 0 0
255.625 3 51 54 1
255.71428571428572 2 55 0 0
255.71428571428572 2 58 0 0
255.71428571428572 2 67 0 0
255.71428571428572 2 68 0 0
255.71428571428572 3 51 0 0
255.71428571428572 3 52 54 1
255.80357142857144 3 52 0 0
255.80357142857144 3 52 54 1
255.89285714285714 0 68 0 0
255.89285714285714 3 48 54 1
255.89285714285717 3 52 0 0
255.98214285714286 3 48 0 0
255.98214285714286 3 48 54 1
256.07142857142856 3 48 0 0
256.07142857142856 0 77 54 1
256.07142857142856 1 59 54 1
256.07142857142856 1 65 54 1
256.07142857142856 1 74 54 1
256.07142857142856 2 53 54 1
256.07142857142856 2 56 54 1
256.07142857142856 2 63 54 1
256.07142857142856 3 49 54 1
256.1607142857143 0 77 0 0
256.1607142857143 0 79 54 1
256.25 3 49 0 0
256.25 0 79 0 0
256.25 0 80 54 1
256.25 3 37 54 1
256.3392857142857 0 80 0 0
256.3392857142857 0 82 54 1
256.42857142857144 3 37 0 0
256.42857142857144 0 82 0 0
256.42857142857144 0 84 54 1
256.51785714285717 0 84 0 0
256.51785714285717 0 85 54 1
256.6071428571429 0 85 0 0
256.6071428571429 0 84 54 1
256.6071428571429 3 37 54 1
256.69642857142856 0 85 54 1
256.6964285714286 0 84 0 0
256.7857142857143 0 85 0 0
256.7857142857143 0 87 54 1
256.7857142857143 3 49 54 1
256.78571428571433 3 37 0 0
256.875 0 87 0 0
256.875 0 89 54 1
256.9642857142857 3 49 0 0
256.9642857142857 0 89 0 0
256.9642857142857 0 91 54 1
257.05357142857144 0 91 0 0
257.05357142857144 0 89 54 1
257.1428571428571 1 59 0 0
257.1428571428571 1 65 0 0
257.1428571428571 1 74 0 0
257.1428571428571 2 53 0 0
257.1428571428571 2 56 0 0
257.1428571428571 2 63 0 0
257.14285714285717 0 89 0 0
257.14285714285717 0 88 54 1
257.14285714285717 1 60 54 1
257.14285714285717 1 64 54 1
257.14285714285717 2 60 54 1
257.14285714285717 3 48 54 1
257.2321428571429 1 60 0 0
257.2321428571429 1 64 0 0
257.2321428571429 2 60 0 0
257.2321428571429 3 48 0 0
257.2321428571429 1 60 54 1
257.2321428571429 1 64 54 1
257.2321428571429 2 60 54 1
257.2321428571429 3 48 54 1
257.32142857142856 0 59 54 1
257.32142857142856 1 59 54 1
257.32142857142856 2 59 54 1
257.32142857142856 3 47 54 1
257.3214285714286 0 88 0 0
257.3214285714286 1 60 0 0
257.3214285714286 1 64 0 0
257.3214285714286 2 60 0 0
257.3214285714286 3 48 0 0
257.4107142857143 0 59 0 0
257.4107142857143 1 59 0 0
257.4107142857143 2 59 0 0
257.4107142857143 3 47 0 0
257.4107142857143 0 59 54 1
257.4107142857143 1 59 54 1
257.4107142857143 2 59 54 1
257.4107142857143 3 47 54 1
257.5 0 59 0 0
257.5 1 59 0 0
257.5 2 59 0 0
257.5 3 47 0 0
257.5 0 60 54 1
257.5 1 60 54 1
257.5 2 60 54 1
257.5 3 48 54 1
257.5892857142857 0 60 0 0
257.5892857142857 1 60 0 0
257.5892857142857 2 60 0 0
257.5892857142857 3 48 0 0
257.5892857142857 0 60 54 1
257.5892857142857 1 60 54 1
257.5892857142857 2 60 54 1
257.5892857142857 3 48 54 1
257.67857142857144 0 60 0 0
257.67857142857144 1 60 0 0
257.67857142857144 2 60 0 0
257.67857142857144 3 48 0 0
257.67857142857144 0 59 54 1
257.67857142857144 1 59 54 1
257.67857142857144 2 59 54 1
257.67857142857144 3 47 54 1
257.76785714285717 0 59 0 0
257.76785714285717 1 59 0 0
257.76785714285717 2 59 0 0
257.76785714285717 3 47 0 0
257.76785714285717 0 59 54 1
257.76785714285717 1 59 54 1
257.76785714285717 2 59 54 1
257.76785714285717 3 47 54 1
257.8571428571429 0 59 0 0
257.8571428571429 1 59 0 0
257.8571428571429 2 59 0 0
257.8571428571429 3 47 0 0
257.8571428571429 0 60 54 1
257.8571428571429 1 60 54 1
257.8571428571429 2 60 54 1
257.8571428571429 3 48 54 1
257.94642857142856 0 60 54 1
257.94642857142856 1 60 54 1
257.94642857142856 2 60 54 1
257.94642857142856 3 48 54 1
257.9464285714286 0 60 0 0
257.9464285714286 1 60 0 0
257.9464285714286 2 60 0 0
257.9464285714286 3 48 0 0
258.0357142857143 0 60 0 0
258.0357142857143 1 60 0 0
258.0357142857143 2 60 0 0
258.0357142857143 3 48 0 0
258.0357142857143 0 59 54 1
258.0357142857143 1 59 54 1
258.0357142857143 2 59 54 1
258.0357142857143 3 47 54 1
258.125 0 59 0 0
258.125 1 59 0 0
258.125 2 59 0 0
258.125 3 47 0 0
258.125 0 59 54 1
258.125 1 59 54 1
258.125 2 59 54 1
258.125 3 47 54 1
258.2142857142857 0 59 0 0
258.2142857142857 1 59 0 0
258.2142857142857 2 59 0 0
258.2142857142857 3 47 0 0
258.2142857142857 0 60 54 1
258.2142857142857 1 60 54 1
258.2142857142857 2 60 54 1
258.2142857142857 3 48 54 1
258.30357142857144 0 60 0 0
258.30357142857144 1 60 0 0
258.30357142857144 2 60 0 0
258.30357142857144 3 48 0 0
258.30357142857144 0 60 54 1
258.30357142857144 1 60 54 1
258.30357142857144 2 60 54 1
258.30357142857144 3 41 54 1
258.30357142857144 3 48 54 1
258.39285714285717 0 60 0 0
258.39285714285717 1 60 0 0
258.39285714285717 2 60 0 0
258.39285714285717 3 48 0 0
258.39285714285717 0 59 54 1
258.39285714285717 1 58 54 1
258.39285714285717 2 59 54 1
258.39285714285717 3 46 54 1
258.4821428571429 0 59 0 0
258.4821428571429 1 58 0 0
258.4821428571429 2 59 0 0
258.4821428571429 3 46 0 0
258.4821428571429 0 59 54 1
258.4821428571429 1 58 54 1
258.4821428571429 2 59 54 1
258.4821428571429 3 46 54 1
258.57142857142856 0 60 54 1
258.57142857142856 1 60 54 1
258.57142857142856 2 60 54 1
258.57142857142856 3 48 54 1
258.5714285714286 0 59 0 0
258.5714285714286 1 58 0 0
258.5714285714286 2 59 0 0
258.5714285714286 3 46 0 0
258.6607142857143 0 60 0 0
258.6607142857143 1 60 0 0
258.6607142857143 2 60 0 0
258.6607142857143 3 48 0 0
258.6607142857143 0 60 54 1
258.6607142857143 1 60 54 1
258.6607142857143 2 60 54 1
258.6607142857143 3 48 54 1
258.75 0 60 0 0
258.75 1 60 0 0
258.75 2 60 0 0
258.75 3 48 0 0
258.75 0 59 54 1
258.75 1 58 54 1
258.75 2 59 54 1
258.75 3 46 54 1
258.8392857142857 1 58 0 0
258.8392857142857 2 59 0 0
258.8392857142857 3 46 0 0
258.8392857142857 1 58 54 1
258.8392857142857 2 59 54 1
258.8392857142857 3 46 54 1
258.92857142857144 0 59 0 0
258.92857142857144 1 58 0 0
258.92857142857144 2 59 0 0
258.92857142857144 3 46 0 0
258.92857142857144 0 59 54 1
258.92857142857144 1 60 54 1
258.92857142857144 2 60 54 1
258.92857142857144 3 48 54 1
259.01785714285717 3 41 0 0
259.01785714285717 1 60 0 0
259.01785714285717 2 60 0 0
259.01785714285717 3 48 0 0
259.01785714285717 1 60 54 1
259.01785714285717 2 60 54 1
259.01785714285717 3 48 54 1
259.1071428571429 0 59 0 0
259.1071428571429 1 60 0 0
259.1071428571429 2 60 0 0
259.1071428571429 3 48 0 0
259.1071428571429 0 60 54 1
259.1071428571429 1 58 54 1
259.1071428571429 2 59 54 1
259.1071428571429 3 46 54 1
259.19642857142856 1 58 54 1
259.19642857142856 2 59 54 1
259.19642857142856 3 46 54 1
259.1964285714286 1 58 0 0
259.1964285714286 2 59 0 0
259.1964285714286 3 46 0 0
259.2857142857143 1 58 0 0
259.2857142857143 2 59 0 0
259.2857142857143 3 46 0 0
259.2857142857143 0 60 54 1
259.2857142857143 0 60 54 1
259.2857142857143 1 60 54 1
259.2857142857143 2 60 54 1
259.2857142857143 3 48 54 1
259.28571428571433 0 60 0 0
259.4642857142857 0 60 0 0
259.4642857142857 0 60 0 0
259.4642857142857 1 60 0 0
259.4642857142857 2 60 0 0
259.4642857142857 3 48 0 0
259.4642857142857 0 59 54 1
259.4642857142857 3 47 54 1
259.64285714285717 0 59 0 0
259.64285714285717 3 47 0 0
259.64285714285717 0 59 54 1
259.64285714285717 3 48 54 1
259.82142857142856 3 47 54 1
259.8214285714286 0 59 0 0
259.8214285714286 3 48 0 0
260.0 3 47 0 0
260.0 3 48 54 1
260.17857142857144 3 48 0 0
260.17857142857144 3 47 54 1
260.3571428571429 3 47 0 0
260.3571428571429 3 48 54 1
260.5357142857143 3 46 54 1
260.53571428571433 3 48 0 0
260.7142857142857 3 46 0 0
260.7142857142857 3 48 54 1
260.89285714285717 3 48 0 0
260.89285714285717 3 46 54 1
261.07142857142856 3 48 54 1
261.0714285714286 3 46 0 0
261.25 3 48 0 0
261.25 3 43 54 1
261.42857142857144 3 43 0 0
261.42857142857144 3 44 44 1
261.6071428571429 0 58 54 1
261.6071428571429 1 56 44 1
261.6071428571429 2 50 54 1
261.7857142857143 0 60 54 1
261.7857142857143 2 51 54 1
261.78571428571433 0 58 0 0
261.78571428571433 2 50 0 0
261.9642857142857 1 56 0 0
261.9642857142857 0 60 0 0
261.9642857142857 2 51 0 0
261.9642857142857 0 61 54 1
261.9642857142857 1 56 44 1
261.9642857142857 2 53 54 1
262.14285714285717 0 61 0 0
262.14285714285717 2 53 0 0
262.14285714285717 0 60 54 1
262.14285714285717 2 51 54 1
262.32142857142856 1 56 0 0
262.32142857142856 0 65 54 1
262.32142857142856 1 61 44 1
262.32142857142856 2 55 54 1
262.3214285714286 0 60 0 0
262.3214285714286 2 51 0 0
262.5 0 65 0 0
262.5 1 61 0 0
262.5 2 55 0 0
262.5 0 63 54 1
262.5 1 60 44 1
262.5 2 56 54 1
262.67857142857144 0 63 0 0
262.67857142857144 1 60 0 0
262.67857142857144 2 56 0 0
262.67857142857144 0 73 54 1
262.67857142857144 1 67 44 1
262.67857142857144 2 58 54 1
262.8571428571429 0 73 0 0
262.8571428571429 1 67 0 0
262.8571428571429 2 58 0 0
262.8571428571429 0 72 54 1
262.8571428571429 1 68 44 1
262.8571428571429 2 60 54 1
263.0357142857143 0 70 54 1
263.0357142857143 1 67 44 1
263.0357142857143 2 61 54 1
263.03571428571433 0 72 0 0
263.03571428571433 1 68 0 0
263.03571428571433 2 60 0 0
263.2142857142857 0 70 0 0
263.2142857142857 1 67 0 0
263.2142857142857 2 61 0 0
263.2142857142857 0 68 54 1
263.2142857142857 1 63 44 1
263.2142857142857 2 60 54 1
263.39285714285717 0 68 0 0
263.39285714285717 1 63 0 0
263.39285714285717 2 60 0 0
263.39285714285717 0 67 54 1
263.39285714285717 1 62 44 1
263.39285714285717 2 62 54 1
263.57142857142856 0 66 44 1
263.57142857142856 1 60 44 1
263.57142857142856 1 62 44 1
263.57142857142856 2 63 44 1
263.5714285714286 0 67 0 0
263.5714285714286 1 62 0 0
263.5714285714286 2 62 0 0
264.2857142857143 3 44 0 0
264.2857142857143 1 60 0 0
264.2857142857143 1 62 0 0
264.6428571428571 0 66 0 0
264.64285714285717 0 67 44 1
264.64285714285717 1 60 44 1
264.64285714285717 3 43 44 1
265.0 1 60 0 0
265.0 1 59 44 1
265.17857142857144 2 63 0 0
265.17857142857144 2 62 44 1
265.5357142857143 1 59 0 0
265.7142857142857 0 67 0 0
265.7142857142857 3 43 0 0
265.7142857142857 2 62 0 0
265.7142857142857 3 56 44 1
265.89285714285717 0 71 44 1
265.89285714285717 1 68 44 1
265.89285714285717 2 62 44 1
266.07142857142856 0 72 44 1
266.07142857142856 2 63 44 1
266.0714285714286 0 71 0 0
266.0714285714286 2 62 0 0
266.25 0 72 0 0
266.25 2 63 0 0
266.25 0 73 44 1
266.25 2 65 44 1
266.42857142857144 0 73 0 0
266.42857142857144 2 65 0 0
266.42857142857144 0 72 44 1
266.42857142857144 2 63 44 1
266.60714285714283 1 68 0 0
266.6071428571429 0 72 0 0
266.6071428571429 2 63 0 0
266.6071428571429 0 77 44 1
266.6071428571429 1 65 44 1
266.6071428571429 1 73 44 1
266.6071428571429 2 67 44 1
266.7857142857143 0 75 44 1
266.7857142857143 1 72 44 1
266.7857142857143 2 68 44 1
266.78571428571433 0 77 0 0
266.78571428571433 2 67 0 0
266.9642857142857 1 65 0 0
266.9642857142857 1 73 0 0
266.9642857142857 0 75 0 0
266.9642857142857 1 72 0 0
266.9642857142857 2 68 0 0
266.9642857142857 0 85 44 1
266.9642857142857 1 79 44 1
266.9642857142857 2 70 44 1
267.14285714285717 0 85 0 0
267.14285714285717 1 79 0 0
267.14285714285717 2 70 0 0
267.14285714285717 0 84 44 1
267.14285714285717 1 80 44 1
267.14285714285717 2 72 44 1
267.32142857142856 0 82 44 1
267.32142857142856 1 79 44 1
267.32142857142856 2 73 44 1
267.3214285714286 0 84 0 0
267.3214285714286 1 80 0 0
267.3214285714286 2 72 0 0
267.5 0 82 0 0
267.5 1 79 0 0
267.5 2 73 0 0
267.5 0 80 44 1
267.5 1 75 44 1
267.5 2 72 44 1
267.67857142857144 0 80 0 0
267.67857142857144 1 75 0 0
267.67857142857144 2 72 0 0
267.67857142857144 0 79 44 1
267.67857142857144 1 74 44 1
267.67857142857144 2 74 44 1
267.8571428571429 0 79 0 0
267.8571428571429 1 74 0 0
267.8571428571429 2 74 0 0
267.8571428571429 0 78 35 1
267.8571428571429 1 62 44 1
267.8571428571429 2 75 35 1
268.57142857142856 1 72 44 1
268.5714285714286 1 62 0 0
268.92857142857144 2 75 0 0
268.92857142857144 1 75 44 1
268.92857142857144 2 72 35 1
269.6428571428571 1 72 0 0
270.0 3 56 0 0
270.0 0 78 0 0
270.0 0 79 35 1
270.0 3 43 35 1
271.07142857142856 0 79 0 0
271.07142857142856 3 43 0 0
271.07142857142856 0 81 35 1
271.07142857142856 3 42 35 1
271.7857142857143 2 72 0 0
272.1428571428571 1 75 0 0
272.1428571428571 0 81 0 0
272.1428571428571 3 42 0 0
272.14285714285717 0 79 35 1
272.14285714285717 1 76 44 1
272.14285714285717 2 72 35 1
272.14285714285717 3 43 35 1
272.5 1 76 0 0
272.5 1 72 44 1
272.67857142857144 0 79 0 0
272.67857142857144 2 72 0 0
272.67857142857144 0 76 35 1
272.67857142857144 2 67 35 1
273.0357142857143 1 72 0 0
273.2142857142857 0 76 0 0
273.2142857142857 2 67 0 0
273.2142857142857 0 77 35 1
273.2142857142857 1 74 44 1
273.2142857142857 2 71 35 1
273.57142857142856 1 74 0 0
273.57142857142856 1 71 44 1
273.75 0 77 0 0
273.75 2 71 0 0
273.75 0 74 35 1
273.75 2 65 35 1
274.10714285714283 1 71 0 0
274.2857142857143 3 43 0 0
274.2857142857143 0 74 0 0
274.2857142857143 2 65 0 0
274.2857142857143 0 72 35 1
274.2857142857143 1 72 44 1
274.2857142857143 2 64 35 1
274.2857142857143 3 36 35 1
274.4642857142857 2 64 0 0
274.4642857142857 2 71 35 1
274.6428571428571 3 36 0 0
274.64285714285717 2 71 0 0
274.64285714285717 2 72 35 1
274.82142857142856 2 70 35 1
274.8214285714286 2 72 0 0
275.0 2 70 0 0
275.0 2 69 35 1
275.1785714285714 0 72 0 0
275.17857142857144 2 69 0 0
275.17857142857144 0 72 35 1
275.17857142857144 2 70 35 1
275.3571428571429 0 72 0 0
275.3571428571429 2 70 0 0
275.3571428571429 0 79 35 1
275.3571428571429 2 69 35 1
275.5357142857143 2 68 35 1
275.53571428571433 2 69 0 0
275.7142857142857 0 79 0 0
275.7142857142857 2 68 0 0
275.7142857142857 0 77 35 1
275.7142857142857 2 69 35 1
275.89285714285717 0 77 0 0
275.89285714285717 2 69 0 0
275.89285714285717 0 76 35 1
275.89285714285717 2 67 35 1
275.89285714285717 3 48 35 1
276.07142857142856 3 47 35 1
276.0714285714286 1 72 0 0
276.0714285714286 3 48 0 0
276.25 2 67 0 0
276.25 3 47 0 0
276.25 2 68 35 1
276.25 3 48 35 1
276.42857142857144 0 76 0 0
276.42857142857144 2 68 0 0
276.42857142857144 3 48 0 0
276.42857142857144 0 77 35 1
276.42857142857144 1 72 44 1
276.42857142857144 2 69 35 1
276.42857142857144 3 48 35 1
276.69642857142856 2 69 35 1
276.6964285714286 2 69 0 0
276.7857142857143 3 48 0 0
276.875 2 69 0 0
277.32142857142856 0 77 0 0
277.32142857142856 0 76 35 1
277.5 0 76 0 0
277.5 0 83 35 1
277.5 2 65 35 1
277.67857142857144 2 65 0 0
277.67857142857144 2 64 35 1
277.85714285714283 0 83 0 0
277.8571428571429 2 64 0 0
277.8571428571429 0 72 35 1
277.8571428571429 0 81 35 1
277.8571428571429 2 65 35 1
278.0357142857143 2 64 35 1
278.0357142857143 3 48 35 1
278.03571428571433 2 65 0 0
278.2142857142857 0 72 0 0
278.2142857142857 0 81 0 0
278.2142857142857 3 48 0 0
278.2142857142857 0 79 35 1
278.2142857142857 3 47 35 1
278.3928571428571 2 64 0 0
278.39285714285717 3 47 0 0
278.39285714285717 3 48 35 1
278.57142857142856 1 72 0 0
278.57142857142856 0 79 0 0
278.57142857142856 0 81 35 1
278.57142857142856 1 62 44 1
278.57142857142856 1 71 44 1
278.57142857142856 2 65 35 1
278.57142857142856 3 48 35 1
278.5714285714286 3 48 0 0
278.9285714285714 0 81 0 0
278.9285714285714 2 65 0 0
278.92857142857144 0 68 35 1
278.92857142857144 0 77 35 1
278.92857142857144 2 64 35 1
279.1071428571429 2 64 0 0
279.2857142857143 1 62 0 0
279.2857142857143 1 71 0 0
279.2857142857143 0 68 0 0
279.2857142857143 0 77 0 0
279.2857142857143 0 74 35 1
279.6428571428571 0 74 0 0
279.64285714285717 0 77 35 1
279.64285714285717 1 71 44 1
279.64285714285717 2 62 35 1
280.0 0 77 0 0
280.0 0 74 35 1
280.17857142857144 1 71 0 0
280.17857142857144 0 74 0 0
280.17857142857144 0 69 35 1
280.17857142857144 1 65 44 1
280.3571428571429 2 62 0 0
280.5357142857143 0 69 0 0
280.5357142857143 0 71 35 1
280.7142857142857 3 48 0 0
280.7142857142857 1 65 0 0
280.7142857142857 0 71 0 0
280.7142857142857 0 72 35 1
280.7142857142857 1 72 76 1
280.7142857142857 2 60 76 1
280.7142857142857 3 48 76 1
280.89285714285717 3 48 0 0
280.89285714285717 3 47 76 1
281.07142857142856 3 48 76 1
281.0714285714286 3 47 0 0
281.25 3 48 0 0
281.25 3 46 76 1
281.42857142857144 3 46 0 0
281.42857142857144 3 45 76 1
281.60714285714283 0 72 0 0
281.6071428571429 3 45 0 0
281.6071428571429 0 63 35 1
281.6071428571429 0 72 35 1
281.6071428571429 3 46 76 1
281.7857142857143 0 79 35 1
281.7857142857143 3 45 76 1
281.78571428571433 3 46 0 0
281.9642857142857 0 63 0 0
281.9642857142857 0 72 0 0
281.9642857142857 3 45 0 0
281.9642857142857 3 44 76 1
282.1428571428571 0 79 0 0
282.14285714285717 3 44 0 0
282.14285714285717 0 77 35 1
282.14285714285717 3 45 76 1
282.32142857142856 1 72 0 0
282.32142857142856 2 60 0 0
282.32142857142856 0 76 35 1
282.32142857142856 1 72 76 1
282.32142857142856 2 60 76 1
282.32142857142856 3 43 76 1
282.3214285714286 0 77 0 0
282.3214285714286 3 45 0 0
282.5 1 72 0 0
282.5 2 60 0 0
282.5 1 71 76 1
282.5 2 59 76 1
282.6785714285714 3 43 0 0
282.67857142857144 1 71 0 0
282.67857142857144 2 59 0 0
282.67857142857144 1 72 76 1
282.67857142857144 2 60 76 1
282.67857142857144 3 41 76 1
282.67857142857144 3 43 76 1
282.67857142857144 3 45 76 1
282.85714285714283 0 76 0 0
282.8571428571429 1 72 0 0
282.8571428571429 2 60 0 0
282.8571428571429 3 43 0 0
282.8571428571429 0 72 35 1
282.8571428571429 1 72 76 1
282.8571428571429 2 60 76 1
282.8571428571429 3 45 76 1
283.0357142857143 3 41 0 0
283.0357142857143 3 45 0 0
283.0357142857143 3 44 76 1
283.03571428571433 3 45 0 0
283.2142857142857 3 44 0 0
283.2142857142857 3 45 76 1
283.39285714285717 3 45 0 0
283.39285714285717 3 43 76 1
283.57142857142856 3 42 76 1
283.5714285714286 3 43 0 0
283.75 0 72 0 0
283.75 3 42 0 0
283.75 0 72 35 1
283.75 3 43 76 1
283.92857142857144 2 60 0 0
283.92857142857144 0 72 0 0
283.92857142857144 3 43 0 0
283.92857142857144 0 83 35 1
283.92857142857144 2 60 76 1
283.92857142857144 3 41 76 1
284.1071428571429 3 41 0 0
284.1071428571429 3 40 76 1
284.2857142857143 0 83 0 0
284.2857142857143 0 72 35 1
284.2857142857143 0 81 35 1
284.2857142857143 3 41 76 1
284.28571428571433 3 40 0 0
284.4642857142857 1 72 0 0
284.4642857142857 2 60 0 0
284.4642857142857 3 41 0 0
284.4642857142857 1 72 76 1
284.4642857142857 2 60 76 1
284.4642857142857 3 40 76 1
284.6428571428571 0 72 0 0
284.6428571428571 0 81 0 0
284.64285714285717 1 72 0 0
284.64285714285717 2 60 0 0
284.64285714285717 0 79 35 1
284.64285714285717 1 71 76 1
284.64285714285717 2 59 76 1
284.82142857142856 3 40 0 0
284.82142857142856 1 72 76 1
284.82142857142856 2 60 76 1
284.82142857142856 3 48 76 1
284.8214285714286 1 71 0 0
284.8214285714286 2 59 0 0
285.0 0 79 0 0
285.0 1 72 0 0
285.0 2 60 0 0
285.0 3 48 0 0
285.0 0 81 35 1
285.0 1 71 76 1
285.0 2 65 76 1
285.0 3 48 76 1
285.35714285714283 0 81 0 0
285.3571428571429 0 77 35 1
285.5357142857143 0 74 35 1
285.53571428571433 0 77 0 0
285.8928571428571 2 65 0 0
285.8928571428571 0 74 0 0
285.89285714285717 0 76 35 1
285.89285714285717 2 64 76 1
286.07142857142856 0 77 35 1
286.07142857142856 2 62 76 1
286.0714285714286 0 76 0 0
286.0714285714286 2 64 0 0
286.4285714285714 0 77 0 0
286.42857142857144 0 74 35 1
286.60714285714283 1 71 0 0
286.6071428571429 0 74 0 0
286.6071428571429 0 69 35 1
286.6071428571429 1 65 76 1
286.9642857142857 0 69 0 0
286.9642857142857 0 62 35 1
286.9642857142857 0 71 35 1
287.1428571428571 3 48 0 0
287.1428571428571 2 62 0 0
287.14285714285717 1 65 0 0
287.14285714285717 0 72 54 1
287.14285714285717 1 67 35 1
287.14285714285717 2 64 76 1
287.14285714285717 3 60 54 1
287.32142857142856 0 62 0 0
287.32142857142856 0 71 0 0
287.32142857142856 0 74 54 1
287.3214285714286 0 72 0 0
287.5 3 60 0 0
287.5 0 74 0 0
287.5 0 72 54 1
287.5 3 55 54 1
287.67857142857144 2 64 0 0
287.67857142857144 0 72 0 0
287.67857142857144 0 71 54 1
287.67857142857144 2 62 76 1
287.8571428571429 0 71 0 0
287.8571428571429 0 67 54 1
288.0357142857143 3 55 0 0
288.0357142857143 2 62 0 0
288.0357142857143 0 69 54 1
288.03571428571433 0 67 0 0
288.2142857142857 1 67 0 0
288.2142857142857 0 69 0 0
288.2142857142857 0 70 54 1
288.2142857142857 1 65 35 1
288.2142857142857 2 61 76 1
288.2142857142857 3 58 54 1
288.39285714285717 0 70 0 0
288.39285714285717 0 72 54 1
288.57142857142856 0 70 54 1
288.5714285714286 0 72 0 0
288.75 1 65 0 0
288.75 2 61 0 0
288.75 3 58 0 0
288.75 0 70 0 0
288.75 0 69 54 1
288.75 1 65 35 1
288.75 2 60 76 1
288.75 3 53 54 1
288.92857142857144 1 65 0 0
288.92857142857144 1 67 35 1
289.1071428571429 1 67 0 0
289.1071428571429 1 65 35 1
289.2857142857143 0 69 0 0
289.2857142857143 2 60 0 0
289.2857142857143 3 53 0 0
289.2857142857143 0 70 54 1
289.2857142857143 1 65 35 1
289.2857142857143 2 62 76 1
289.2857142857143 3 58 54 1
289.28571428571433 1 65 0 0
289.4642857142857 0 70 0 0
289.4642857142857 0 72 54 1
289.64285714285717 0 72 0 0
289.64285714285717 0 70 54 1
289.82142857142856 2 62 0 0
289.82142857142856 3 58 0 0
289.82142857142856 0 69 54 1
289.82142857142856 2 60 76 1
289.82142857142856 3 53 54 1
289.8214285714286 0 70 0 0
290.0 0 69 0 0
290.0 0 65 54 1
290.17857142857144 0 65 0 0
290.17857142857144 0 67 54 1
290.35714285714283 1 65 0 0
290.35714285714283 3 53 0 0
290.3571428571429 0 67 0 0
290.3571428571429 0 68 54 1
290.3571428571429 1 63 35 1
290.3571428571429 3 56 54 1
290.5357142857143 0 70 54 1
290.53571428571433 0 68 0 0
290.7142857142857 0 70 0 0
290.7142857142857 0 68 54 1
290.89285714285717 2 60 0 0
290.89285714285717 1 63 0 0
290.89285714285717 3 56 0 0
290.89285714285717 0 68 0 0
290.89285714285717 0 67 54 1
290.89285714285717 1 63 35 1
290.89285714285717 2 58 76 1
290.89285714285717 3 51 54 1
291.07142857142856 1 65 35 1
291.0714285714286 1 63 0 0
291.25 3 51 0 0
291.25 1 65 0 0
291.25 1 63 35 1
291.42857142857144 0 67 0 0
291.42857142857144 2 58 0 0
291.42857142857144 1 63 0 0
291.42857142857144 0 68 54 1
291.42857142857144 1 65 35 1
291.42857142857144 2 61 76 1
291.42857142857144 3 38 54 1
291.42857142857144 3 48 54 1
291.42857142857144 3 50 54 1
291.9642857142857 2 61 0 0
291.9642857142857 2 61 76 1
292.14285714285717 1 65 0 0
292.14285714285717 3 38 0 0
292.14285714285717 3 48 0 0
292.14285714285717 3 50 0 0
292.14285714285717 2 61 0 0
292.14285714285717 1 63 35 1
292.14285714285717 2 60 76 1
292.32142857142856 1 65 35 1
292.32142857142856 2 61 76 1
292.3214285714286 1 63 0 0
292.3214285714286 2 60 0 0
292.5 1 65 0 0
292.5 2 61 0 0
292.5 1 66 35 1
292.5 2 63 76 1
292.5 3 48 54 1
292.67857142857144 1 66 0 0
292.67857142857144 2 63 0 0
292.67857142857144 1 68 35 1
292.67857142857144 2 65 76 1
292.8571428571429 1 68 0 0
292.8571428571429 2 65 0 0
292.8571428571429 1 66 35 1
292.8571428571429 2 63 76 1
293.0357142857143 3 48 0 0
293.0357142857143 1 65 35 1
293.0357142857143 2 61 76 1
293.0357142857143 3 49 54 1
293.03571428571433 1 66 0 0
293.03571428571433 2 63 0 0
293.3928571428571 1 65 0 0
293.3928571428571 2 61 0 0
293.3928571428571 3 49 0 0
293.39285714285717 1 63 35 1
293.39285714285717 2 60 76 1
293.39285714285717 3 43 54 1
293.39285714285717 3 51 54 1
293.57142857142856 0 68 0 0
293.57142857142856 0 67 54 1
293.57142857142856 1 62 35 1
293.57142857142856 2 59 76 1
293.57142857142856 3 53 54 1
293.5714285714286 1 63 0 0
293.5714285714286 2 60 0 0
293.75 3 43 0 0
293.75 3 51 0 0
294.10714285714283 1 62 0 0
294.10714285714283 2 59 0 0
294.10714285714283 3 53 0 0
294.1071428571429 1 64 35 1
294.1071428571429 2 60 76 1
294.1071428571429 3 52 54 1
294.2857142857143 0 72 54 1
294.28571428571433 0 67 0 0
294.4642857142857 1 64 0 0
294.4642857142857 2 60 0 0
294.4642857142857 3 52 0 0
294.4642857142857 0 72 0 0
294.4642857142857 0 65 54 1
294.4642857142857 1 60 35 1
294.4642857142857 2 57 76 1
294.4642857142857 3 53 54 1
294.64285714285717 0 65 0 0
294.64285714285717 1 60 0 0
294.64285714285717 2 57 0 0
294.64285714285717 3 53 0 0
294.64285714285717 0 64 54 1
294.64285714285717 1 60 35 1
294.64285714285717 2 55 76 1
294.64285714285717 3 55 54 1
295.0 1 60 0 0
295.0 1 59 35 1
295.17857142857144 0 64 0 0
295.17857142857144 0 62 54 1
295.3571428571429 3 55 0 0
295.5357142857143 1 59 0 0
295.7142857142857 2 55 0 0
295.7142857142857 0 62 0 0
295.7142857142857 0 84 54 1
295.7142857142857 1 76 35 1
295.7142857142857 2 67 54 1
295.7142857142857 3 60 54 1
295.89285714285717 0 84 0 0
295.89285714285717 0 86 54 1
296.07142857142856 3 60 0 0
296.07142857142856 0 84 54 1
296.0714285714286 0 86 0 0
296.25 1 76 0 0
296.25 0 84 0 0
296.25 0 83 54 1
296.25 1 74 35 1
296.25 3 55 54 1
296.42857142857144 0 83 0 0
296.42857142857144 0 79 54 1
296.60714285714283 1 74 0 0
296.60714285714283 3 55 0 0
296.6071428571429 0 79 0 0
296.6071428571429 0 81 54 1
296.7857142857143 2 67 0 0
296.7857142857143 0 82 54 1
296.7857142857143 1 73 35 1
296.7857142857143 2 65 54 1
296.7857142857143 3 58 54 1
296.78571428571433 0 81 0 0
296.9642857142857 0 82 0 0
296.9642857142857 0 84 54 1
297.1428571428571 2 65 0 0
297.1428571428571 3 58 0 0
297.14285714285717 0 84 0 0
297.14285714285717 0 82 54 1
297.14285714285717 2 65 54 1
297.32142857142856 1 73 0 0
297.32142857142856 0 81 54 1
297.32142857142856 1 72 35 1
297.32142857142856 2 67 54 1
297.32142857142856 3 53 54 1
297.3214285714286 0 82 0 0
297.3214285714286 2 65 0 0
297.5 2 67 0 0
297.5 2 65 54 1
297.6785714285714 3 53 0 0
297.67857142857144 2 65 0 0
297.85714285714283 0 81 0 0
297.85714285714283 1 72 0 0
297.8571428571429 0 82 54 1
297.8571428571429 1 74 35 1
297.8571428571429 2 65 54 1
297.8571428571429 3 58 54 1
298.0357142857143 0 84 54 1
298.03571428571433 0 82 0 0
298.2142857142857 3 58 0 0
298.2142857142857 0 84 0 0
298.2142857142857 0 82 54 1
298.39285714285717 1 74 0 0
298.39285714285717 0 82 0 0
298.39285714285717 0 81 54 1
298.39285714285717 1 72 35 1
298.39285714285717 3 53 54 1
298.57142857142856 0 77 54 1
298.5714285714286 2 65 0 0
298.5714285714286 0 81 0 0
298.75 3 53 0 0
298.75 0 77 0 0
298.75 0 79 54 1
298.92857142857144 0 79 0 0
298.92857142857144 0 80 54 1
298.92857142857144 2 63 54 1
298.92857142857144 3 56 54 1
299.1071428571429 0 80 0 0
299.1071428571429 0 82 54 1
299.2857142857143 3 56 0 0
299.2857142857143 0 80 54 1
299.28571428571433 0 82 0 0
299.4642857142857 1 72 0 0
299.4642857142857 2 63 0 0
299.4642857142857 0 80 0 0
299.4642857142857 0 79 54 1
299.4642857142857 1 70 35 1
299.4642857142857 2 63 54 1
299.4642857142857 3 51 54 1
299.64285714285717 2 63 0 0
299.64285714285717 2 65 54 1
299.82142857142856 1 70 0 0
299.82142857142856 3 51 0 0
299.82142857142856 2 63 54 1
299.8214285714286 2 65 0 0
300.0 0 79 0 0
300.0 2 63 0 0
300.0 0 80 54 1
300.0 1 73 35 1
300.0 2 65 54 1
300.0 3 49 54 1
300.35714285714283 3 49 0 0
300.5357142857143 1 72 35 1
300.53571428571433 1 73 0 0
300.7142857142857 2 65 0 0
300.7142857142857 1 72 0 0
300.7142857142857 1 73 35 1
300.7142857142857 2 63 54 1
300.89285714285717 1 73 0 0
300.89285714285717 2 63 0 0
300.89285714285717 2 65 54 1
301.07142857142856 1 75 35 1
301.07142857142856 2 66 54 1
301.07142857142856 3 48 54 1
301.0714285714286 2 65 0 0
301.25 1 75 0 0
301.25 2 66 0 0
301.25 1 77 35 1
301.25 2 68 54 1
301.4285714285714 3 48 0 0
301.42857142857144 1 77 0 0
301.42857142857144 2 68 0 0
301.42857142857144 1 75 35 1
301.42857142857144 2 66 54 1
301.6071428571429 1 75 0 0
301.6071428571429 2 66 0 0
301.6071428571429 1 73 35 1
301.6071428571429 2 65 54 1
301.6071428571429 3 49 54 1
301.9642857142857 1 73 0 0
301.9642857142857 2 65 0 0
301.9642857142857 3 49 0 0
301.9642857142857 1 72 35 1
301.9642857142857 2 53 54 1
301.9642857142857 2 63 54 1
301.9642857142857 3 51 54 1
302.1428571428571 0 80 0 0
302.14285714285717 1 72 0 0
302.14285714285717 3 51 0 0
302.14285714285717 0 79 54 1
302.14285714285717 1 70 35 1
302.14285714285717 2 62 54 1
302.14285714285717 3 53 54 1
302.32142857142856 2 53 0 0
302.32142857142856 2 63 0 0
302.5 2 62 0 0
302.5 3 53 0 0
302.5 2 64 54 1
302.5 3 52 54 1
302.67857142857144 1 70 0 0
302.67857142857144 1 72 35 1
302.85714285714283 2 64 0 0
302.85714285714283 3 52 0 0
302.8571428571429 0 79 0 0
302.8571428571429 0 84 54 1
302.8571428571429 2 51 54 1
302.8571428571429 2 60 54 1
302.8571428571429 3 44 54 1
302.8571428571429 3 53 54 1
303.0357142857143 1 72 0 0
303.0357142857143 0 77 54 1
303.0357142857143 1 69 35 1
303.03571428571433 0 84 0 0
303.2142857142857 2 51 0 0
303.2142857142857 2 60 0 0
303.2142857142857 3 44 0 0
303.2142857142857 3 53 0 0
303.2142857142857 0 77 0 0
303.2142857142857 1 69 0 0
303.2142857142857 0 76 54 1
303.2142857142857 1 67 35 1
303.2142857142857 1 68 35 1
303.2142857142857 2 60 54 1
303.2142857142857 3 55 54 1
303.57142857142856 3 55 0 0
303.75 0 76 0 0
303.75 2 60 0 0
303.75 0 74 54 1
303.75 2 59 54 1
303.75 3 55 54 1
303.92857142857144 1 67 0 0
303.92857142857144 1 68 0 0
304.10714285714283 3 55 0 0
304.2857142857143 0 74 0 0
304.2857142857143 2 59 0 0
304.2857142857143 0 68 54 1
304.2857142857143 1 63 35 1
304.2857142857143 1 65 35 1
304.2857142857143 2 54 54 1
304.2857142857143 3 36 54 1
305.0 1 63 0 0
305.0 1 65 0 0
305.0 3 36 0 0
305.35714285714283 2 54 0 0
305.3571428571429 1 61 35 1
305.3571428571429 2 53 54 1
305.3571428571429 3 37 54 1
305.5357142857143 0 73 54 1
305.53571428571433 0 68 0 0
305.7142857142857 0 73 0 0
305.7142857142857 0 68 54 1
305.89285714285717 3 37 0 0
305.89285714285717 0 68 0 0
305.89285714285717 0 65 54 1
305.89285714285717 3 41 54 1
306.07142857142856 0 61 54 1
306.0714285714286 1 61 0 0
306.0714285714286 0 65 0 0
306.25 3 41 0 0
306.25 0 61 0 0
306.25 0 65 54 1
306.25 3 44 54 1
306.42857142857144 2 53 0 0
306.42857142857144 0 65 0 0
306.42857142857144 3 44 0 0
306.42857142857144 0 67 54 1
306.42857142857144 1 60 35 1
306.42857142857144 2 51 54 1
306.42857142857144 3 43 54 1
307.14285714285717 0 67 0 0
307.14285714285717 1 60 0 0
307.5 2 51 0 0
307.5 0 67 54 1
307.5 1 59 35 1
307.5 2 50 54 1
308.2142857142857 0 67 0 0
308.2142857142857 2 50 0 0
308.57142857142856 3 43 0 0
308.57142857142856 1 59 0 0
308.57142857142856 0 60 44 1
308.57142857142856 1 55 44 1
308.57142857142856 2 51 54 1
308.57142857142856 3 36 44 1
308.75 3 36 0 0
308.75 3 38 44 1
308.92857142857144 3 38 0 0
308.92857142857144 3 36 44 1
309.10714285714283 0 60 0 0
309.10714285714283 1 55 0 0
309.10714285714283 2 51 0 0
309.1071428571429 3 36 0 0
309.1071428571429 0 63 44 1
309.1071428571429 0 65 44 1
309.1071428571429 1 60 44 1
309.1071428571429 2 55 54 1
309.1071428571429 3 43 44 1
309.2857142857143 3 42 44 1
309.28571428571433 3 43 0 0
309.4642857142857 0 63 0 0
309.4642857142857 3 42 0 0
309.4642857142857 3 43 44 1
309.64285714285717 1 60 0 0
309.64285714285717 2 55 0 0
309.64285714285717 3 43 0 0
309.64285714285717 0 65 44 1
309.64285714285717 1 62 44 1
309.64285714285717 2 59 54 1
309.64285714285717 3 36 44 1
309.82142857142856 3 38 44 1
309.8214285714286 3 36 0 0
310.0 0 65 0 0
310.0 2 59 0 0
310.0 3 38 0 0
310.0 0 62 44 1
310.0 2 53 54 1
310.0 3 36 44 1
310.17857142857144 0 65 0 0
310.17857142857144 1 62 0 0
310.17857142857144 3 36 0 0
310.17857142857144 1 59 44 1
310.17857142857144 3 43 44 1
310.3571428571429 3 43 0 0
310.3571428571429 3 42 44 1
310.5357142857143 0 62 0 0
310.5357142857143 2 53 0 0
310.5357142857143 3 43 44 1
310.53571428571433 3 42 0 0
310.7142857142857 1 59 0 0
310.7142857142857 3 43 0 0
310.7142857142857 0 60 44 1
310.7142857142857 1 55 44 1
310.7142857142857 2 52 54 1
310.7142857142857 3 36 44 1
310.89285714285717 3 36 0 0
310.89285714285717 3 38 44 1
311.07142857142856 3 36 44 1
311.0714285714286 3 38 0 0
311.25 0 60 0 0
311.25 1 55 0 0
311.25 2 52 0 0
311.25 3 36 0 0
311.25 0 64 44 1
311.25 1 60 44 1
311.25 2 55 54 1
311.25 3 43 44 1
311.42857142857144 3 43 0 0
311.42857142857144 3 42 44 1
311.60714285714283 1 60 0 0
311.6071428571429 3 42 0 0
311.6071428571429 3 43 44 1
311.7857142857143 0 64 0 0
311.7857142857143 2 55 0 0
311.7857142857143 0 65 44 1
311.7857142857143 1 62 44 1
311.7857142857143 2 59 54 1
311.7857142857143 3 36 44 1
311.78571428571433 3 43 0 0
311.9642857142857 3 36 0 0
311.9642857142857 3 38 44 1
312.14285714285717 3 38 0 0
312.14285714285717 3 36 44 1
312.32142857142856 0 65 0 0
312.32142857142856 1 62 0 0
312.32142857142856 2 59 0 0
312.32142857142856 0 62 44 1
312.32142857142856 1 59 44 1
312.32142857142856 2 53 54 1
312.32142857142856 3 43 44 1
312.3214285714286 3 36 0 0
312.5 3 43 0 0
312.5 3 42 44 1
312.67857142857144 3 42 0 0
312.67857142857144 3 43 44 1
312.85714285714283 0 62 0 0
312.85714285714283 1 59 0 0
312.85714285714283 2 53 0 0
312.8571428571429 3 43 0 0
312.8571428571429 0 60 44 1
312.8571428571429 1 55 44 1
312.8571428571429 2 52 54 1
312.8571428571429 3 36 44 1
313.0357142857143 3 38 44 1
313.03571428571433 3 36 0 0
313.2142857142857 3 38 0 0
313.2142857142857 3 36 44 1
313.39285714285717 0 60 0 0
313.39285714285717 1 55 0 0
313.39285714285717 2 52 0 0
313.39285714285717 3 36 0 0
313.39285714285717 0 64 44 1
313.39285714285717 1 60 44 1
313.39285714285717 3 43 44 1
313.57142857142856 3 42 44 1
313.5714285714286 3 43 0 0
313.75 3 42 0 0
313.75 3 43 44 1
313.92857142857144 0 64 0 0
313.92857142857144 1 60 0 0
313.92857142857144 3 43 0 0
313.92857142857144 0 67 44 1
313.92857142857144 1 64 44 1
313.92857142857144 2 60 54 1
313.92857142857144 3 36 44 1
314.1071428571429 3 36 0 0
314.1071428571429 3 38 44 1
314.2857142857143 3 36 44 1
314.28571428571433 3 38 0 0
314.4642857142857 0 67 0 0
314.4642857142857 1 64 0 0
314.4642857142857 2 60 0 0
314.4642857142857 3 36 0 0
314.4642857142857 0 71 44 1
314.4642857142857 1 67 44 1
314.4642857142857 2 65 54 1
314.4642857142857 3 43 44 1
314.64285714285717 3 43 0 0
314.64285714285717 3 42 44 1
314.82142857142856 3 43 44 1
314.8214285714286 3 42 0 0
315.0 0 71 0 0
315.0 1 67 0 0
315.0 2 65 0 0
315.0 3 43 0 0
315.0 0 72 44 1
315.0 1 67 88 1
315.0 2 64 54 1
315.0 3 36 44 1
315.17857142857144 3 36 0 0
315.17857142857144 3 38 54 1
315.3571428571429 3 38 0 0
315.3571428571429 3 36 54 1
315.5357142857143 0 72 0 0
315.5357142857143 1 67 0 0
315.5357142857143 2 64 0 0
315.5357142857143 0 76 44 1
315.5357142857143 1 72 88 1
315.5357142857143 2 67 54 1
315.5357142857143 3 43 54 1
315.53571428571433 3 36 0 0
315.7142857142857 3 43 0 0
315.7142857142857 3 42 54 1
315.89285714285717 3 42 0 0
315.89285714285717 3 43 54 1
316.07142857142856 0 76 0 0
316.07142857142856 1 72 0 0
316.07142857142856 2 67 0 0
316.07142857142856 0 77 44 1
316.07142857142856 1 74 88 1
316.07142857142856 2 71 54 1
316.07142857142856 3 36 54 1
316.0714285714286 3 43 0 0
316.25 3 36 0 0
316.25 3 38 54 1
316.4285714285714 2 71 0 0
316.42857142857144 3 38 0 0
316.42857142857144 2 65 54 1
316.42857142857144 3 36 54 1
316.60714285714283 0 77 0 0
316.60714285714283 1 74 0 0
316.6071428571429 3 36 0 0
316.6071428571429 0 74 44 1
316.6071428571429 1 71 88 1
316.6071428571429 3 43 54 1
316.7857142857143 3 42 54 1
316.78571428571433 3 43 0 0
316.9642857142857 2 65 0 0
316.9642857142857 3 42 0 0
316.9642857142857 3 43 54 1
317.14285714285717 0 74 0 0
317.14285714285717 1 71 0 0
317.14285714285717 3 43 0 0
317.14285714285717 0 72 44 1
317.14285714285717 1 67 88 1
317.14285714285717 2 64 54 1
317.14285714285717 3 36 54 1
317.32142857142856 3 38 54 1
317.3214285714286 3 36 0 0
317.5 3 38 0 0
317.5 3 36 54 1
317.67857142857144 0 72 0 0
317.67857142857144 1 67 0 0
317.67857142857144 2 64 0 0
317.67857142857144 3 36 0 0
317.67857142857144 0 76 44 1
317.67857142857144 1 72 88 1
317.67857142857144 2 67 54 1
317.67857142857144 3 43 54 1
317.8571428571429 3 43 0 0
317.8571428571429 3 42 54 1
318.0357142857143 3 43 54 1
318.03571428571433 3 42 0 0
318.2142857142857 0 76 0 0
318.2142857142857 1 72 0 0
318.2142857142857 2 67 0 0
318.2142857142857 3 43 0 0
318.2142857142857 0 77 44 1
318.2142857142857 1 74 88 1
318.2142857142857 2 71 54 1
318.2142857142857 3 36 54 1
318.39285714285717 3 36 0 0
318.39285714285717 3 38 54 1
318.57142857142856 3 36 54 1
318.5714285714286 3 38 0 0
318.75 0 77 0 0
318.75 1 74 0 0
318.75 2 71 0 0
318.75 3 36 0 0
318.75 0 74 44 1
318.75 1 71 88 1
318.75 2 65 54 1
318.75 3 43 54 1
318.92857142857144 3 43 0 0
318.92857142857144 3 42 54 1
319.10714285714283 2 65 0 0
319.1071428571429 3 42 0 0
319.1071428571429 3 43 54 1
319.2857142857143 0 74 0 0
319.2857142857143 1 71 0 0
319.2857142857143 0 72 44 1
319.2857142857143 1 67 88 1
319.2857142857143 2 64 54 1
319.2857142857143 3 36 54 1
319.28571428571433 3 43 0 0
319.4642857142857 3 36 0 0
319.4642857142857 3 38 54 1
319.6428571428571 2 64 0 0
319.64285714285717 3 38 0 0
319.64285714285717 2 67 54 1
319.64285714285717 3 36 54 1
319.82142857142856 0 72 0 0
319.82142857142856 1 67 0 0
319.82142857142856 0 76 44 1
319.82142857142856 1 72 88 1
319.82142857142856 3 43 54 1
319.8214285714286 3 36 0 0
320.0 3 43 0 0
320.0 3 42 54 1
320.17857142857144 2 67 0 0
320.17857142857144 3 42 0 0
320.17857142857144 3 43 54 1
320.35714285714283 0 76 0 0
320.35714285714283 1 72 0 0
320.3571428571429 3 43 0 0
320.3571428571429 0 79 44 1
320.3571428571429 1 76 88 1
320.3571428571429 2 72 54 1
320.3571428571429 3 36 54 1
320.5357142857143 3 38 54 1
320.53571428571433 3 36 0 0
320.7142857142857 3 38 0 0
320.7142857142857 3 36 54 1
320.89285714285717 0 79 0 0
320.89285714285717 1 76 0 0
320.89285714285717 2 72 0 0
320.89285714285717 3 36 0 0
320.89285714285717 0 83 44 1
320.89285714285717 1 79 88 1
320.89285714285717 2 77 54 1
320.89285714285717 3 43 54 1
321.07142857142856 3 42 54 1
321.0714285714286 3 43 0 0
321.25 3 42 0 0
321.25 3 43 54 1
321.42857142857144 0 83 0 0
321.42857142857144 1 79 0 0
321.42857142857144 2 77 0 0
321.42857142857144 3 43 0 0
321.42857142857144 0 84 44 1
321.42857142857144 1 79 88 1
321.42857142857144 2 76 54 1
321.42857142857144 3 36 54 1
321.6071428571429 3 36 0 0
321.6071428571429 3 38 54 1
321.7857142857143 3 36 54 1
321.78571428571433 3 38 0 0
321.9642857142857 3 36 0 0
321.9642857142857 3 43 54 1
322.14285714285717 0 84 0 0
322.14285714285717 2 76 0 0
322.14285714285717 3 43 0 0
322.14285714285717 3 42 54 1
322.32142857142856 3 43 54 1
322.3214285714286 3 42 0 0
322.5 3 43 0 0
322.5 0 84 44 1
322.5 3 36 54 1
322.67857142857144 3 36 0 0
322.67857142857144 3 38 54 1
322.8571428571429 3 38 0 0
322.8571428571429 3 36 54 1
323.0357142857143 3 43 54 1
323.03571428571433 3 36 0 0
323.2142857142857 1 79 0 0
323.2142857142857 0 84 0 0
323.2142857142857 3 43 0 0
323.2142857142857 3 42 54 1
323.39285714285717 3 42 0 0
323.39285714285717 3 43 54 1
323.57142857142856 0 84 44 1
323.57142857142856 1 79 88 1
323.57142857142856 2 75 54 1
323.57142857142856 3 36 54 1
323.5714285714286 3 43 0 0
323.75 3 36 0 0
323.75 3 38 54 1
323.9285714285714 0 84 0 0
323.9285714285714 1 79 0 0
323.9285714285714 2 75 0 0
323.92857142857144 3 38 0 0
323.92857142857144 3 36 54 1
324.1071428571429 3 36 0 0
324.1071428571429 3 43 54 1
324.2857142857143 3 42 54 1
324.28571428571433 3 43 0 0
324.4642857142857 3 42 0 0
324.4642857142857 3 43 54 1
324.64285714285717 3 43 0 0
324.64285714285717 3 36 54 1
324.82142857142856 3 38 54 1
324.8214285714286 3 36 0 0
325.0 3 38 0 0
325.0 3 36 54 1
325.17857142857144 3 36 0 0
325.17857142857144 3 43 54 1
325.3571428571429 3 43 0 0
325.3571428571429 3 42 54 1
325.5357142857143 3 43 54 1
325.53571428571433 3 42 0 0
325.7142857142857 3 43 0 0
325.7142857142857 0 60 44 1
325.80357142857144 0 60 0 0
325.80357142857144 0 60 44 1
325.89285714285717 0 60 0 0
325.89285714285717 0 59 44 1
325.9821428571429 0 59 0 0
325.9821428571429 0 59 44 1
326.07142857142856 0 60 44 1
326.0714285714286 0 59 0 0
326.1607142857143 0 60 0 0
326.1607142857143 0 60 44 1
326.25 0 60 0 0
326.25 0 59 44 1
326.3392857142857 0 59 0 0
326.3392857142857 0 58 44 1
326.42857142857144 0 58 0 0
326.42857142857144 0 57 44 1
326.51785714285717 0 57 0 0
326.51785714285717 0 57 44 1
326.6071428571429 0 57 0 0
326.6071428571429 0 58 44 1
326.69642857142856 0 58 44 1
326.6964285714286 0 58 0 0
326.7857142857143 0 58 0 0
326.7857142857143 0 56 44 1
326.7857142857143 0 68 44 1
327.1428571428571 0 56 0 0
327.1428571428571 0 68 0 0
327.14285714285717 0 55 44 1
327.14285714285717 0 68 44 1
327.14285714285717 0 68 44 1
327.5 0 55 0 0
327.5 0 68 0 0
327.5 0 68 0 0
327.5 0 55 44 1
327.5 0 67 44 1
327.5 0 68 44 1
327.85714285714283 0 55 0 0
327.85714285714283 0 67 0 0
327.85714285714283 0 68 0 0
327.8571428571429 1 60 44 1
327.94642857142856 1 60 44 1
327.9464285714286 1 60 0 0
328.0357142857143 1 60 0 0
328.0357142857143 1 58 44 1
328.125 1 58 0 0
328.125 1 59 44 1
328.2142857142857 1 59 0 0
328.2142857142857 1 60 44 1
328.30357142857144 1 60 0 0
328.30357142857144 1 60 44 1
328.39285714285717 1 60 0 0
328.39285714285717 1 58 44 1
328.75 1 58 0 0
328.75 1 58 44 1
328.75 1 68 44 1
328.75 1 68 44 1
328.92857142857144 1 68 44 1
329.10714285714283 1 58 0 0
329.10714285714283 1 68 0 0
329.10714285714283 1 68 0 0
329.2857142857143 1 68 0 0
329.2857142857143 1 67 44 1
329.2857142857143 1 68 44 1
329.6428571428571 1 67 0 0
329.6428571428571 1 68 0 0
329.64285714285717 1 55 44 1
329.64285714285717 1 67 44 1
329.64285714285717 1 68 44 1
329.64285714285717 1 68 44 1
329.64285714285717 1 68 44 1
330.0 1 55 0 0
330.0 1 67 0 0
330.0 1 68 0 0
330.0 1 68 0 0
330.0 1 68 0 0
330.0 0 67 44 1
330.0 0 68 44 1
330.0 0 70 44 1
330.0 0 79 44 1
330.0 1 63 44 1
330.0 2 60 54 1
330.0892857142857 1 63 0 0
330.0892857142857 2 60 0 0
330.0892857142857 1 63 44 1
330.0892857142857 2 60 54 1
330.17857142857144 1 63 0 0
330.17857142857144 2 60 0 0
330.17857142857144 1 62 44 1
330.17857142857144 2 58 54 1
330.26785714285717 1 62 0 0
330.26785714285717 2 58 0 0
330.26785714285717 1 62 44 1
330.26785714285717 2 59 54 1
330.35714285714283 0 67 0 0
330.35714285714283 0 68 0 0
330.35714285714283 0 70 0 0
330.35714285714283 0 79 0 0
330.3571428571429 1 62 0 0
330.3571428571429 2 59 0 0
330.3571428571429 0 70 44 1
330.3571428571429 0 72 44 1
330.3571428571429 0 74 44 1
330.3571428571429 0 84 44 1
330.3571428571429 1 63 44 1
330.3571428571429 2 60 54 1
330.44642857142856 1 63 44 1
330.44642857142856 2 60 54 1
330.4464285714286 1 63 0 0
330.4464285714286 2 60 0 0
330.5357142857143 1 63 0 0
330.5357142857143 2 60 0 0
330.5357142857143 1 63 44 1
330.5357142857143 1 65 44 1
330.5357142857143 2 58 54 1
330.5952380952381 2 58 0 0
330.5952380952381 2 58 54 1
330.65476190476187 2 58 0 0
330.6547619047619 2 57 54 1
330.7142857142857 0 70 0 0
330.7142857142857 0 72 0 0
330.7142857142857 0 74 0 0
330.7142857142857 0 84 0 0
330.7142857142857 2 57 0 0
330.7142857142857 2 57 54 1
330.80357142857144 2 57 0 0
330.80357142857144 2 58 54 1
330.8928571428571 1 63 0 0
330.89285714285717 2 58 0 0
330.89285714285717 1 63 44 1
330.89285714285717 1 65 44 1
330.89285714285717 1 75 44 1
330.89285714285717 1 75 44 1
330.89285714285717 1 75 44 1
330.89285714285717 1 75 44 1
330.89285714285717 2 58 54 1
330.9821428571429 2 58 0 0
331.07142857142856 0 84 44 1
331.07142857142856 1 65 44 1
331.07142857142856 2 56 54 1
331.1309523809524 1 63 0 0
331.1309523809524 1 75 0 0
331.1309523809524 1 75 0 0
331.1607142857143 1 65 0 0
331.1607142857143 2 56 0 0
331.1607142857143 1 65 44 1
331.1607142857143 2 56 54 1
331.25 1 65 0 0
331.25 1 65 0 0
331.25 1 75 0 0
331.25 1 75 0 0
331.25 1 65 0 0
331.25 2 56 0 0
331.25 1 67 44 1
331.25 2 55 54 1
331.3392857142857 1 67 0 0
331.3392857142857 2 55 0 0
331.3392857142857 1 67 44 1
331.3392857142857 2 55 54 1
331.42857142857144 1 67 0 0
331.42857142857144 2 55 0 0
331.42857142857144 1 66 44 1
331.42857142857144 2 56 54 1
331.51785714285717 1 66 0 0
331.51785714285717 2 56 0 0
331.51785714285717 1 66 44 1
331.51785714285717 2 56 54 1
331.60714285714283 0 84 0 0
331.6071428571429 1 66 0 0
331.6071428571429 2 56 0 0
331.6071428571429 0 91 44 1
331.6071428571429 1 67 44 1
331.6071428571429 2 55 54 1
331.69642857142856 2 55 54 1
331.6964285714286 2 55 0 0
331.7857142857143 2 55 0 0
331.7857142857143 2 60 54 1
331.875 2 60 0 0
331.875 2 60 54 1
331.9642857142857 1 67 0 0
331.9642857142857 2 60 0 0
331.9642857142857 1 67 44 1
331.9642857142857 2 62 54 1
332.05357142857144 2 62 0 0
332.05357142857144 2 62 54 1
332.14285714285717 0 91 0 0
332.14285714285717 2 62 0 0
332.14285714285717 0 72 88 1
332.14285714285717 0 74 88 1
332.14285714285717 0 75 88 1
332.14285714285717 0 91 88 1
332.14285714285717 1 68 88 1
332.14285714285717 1 72 88 1
332.14285714285717 1 79 88 1
332.14285714285717 2 63 88 1
332.14285714285717 3 48 88 1
332.2321428571429 2 63 0 0
332.2321428571429 3 48 0 0
332.2321428571429 2 63 88 1
332.2321428571429 3 48 88 1
332.32142857142856 1 67 0 0
332.32142857142856 2 62 88 1
332.32142857142856 3 47 88 1
332.3214285714286 2 63 0 0
332.3214285714286 3 48 0 0
332.4107142857143 2 62 0 0
332.4107142857143 3 47 0 0
332.4107142857143 2 62 88 1
332.4107142857143 3 47 88 1
332.5 0 72 0 0
332.5 0 74 0 0
332.5 0 75 0 0
332.5 0 91 0 0
332.5 1 68 0 0
332.5 1 72 0 0
332.5 1 79 0 0
332.5 2 62 0 0
332.5 3 47 0 0
332.5 1 70 88 1
332.5 1 72 88 1
332.5 1 74 88 1
332.5 1 84 88 1
332.5 2 63 88 1
332.5 3 48 88 1
332.5892857142857 2 63 0 0
332.5892857142857 3 48 0 0
332.5892857142857 2 63 88 1
332.5892857142857 3 48 88 1
332.67857142857144 2 63 0 0
332.67857142857144 3 48 0 0
332.67857142857144 2 64 88 1
332.67857142857144 3 46 88 1
332.73809523809524 3 46 0 0
332.73809523809524 3 46 88 1
332.79761904761904 3 46 0 0
332.7976190476191 3 45 88 1
332.85714285714283 1 70 0 0
332.85714285714283 1 72 0 0
332.85714285714283 1 74 0 0
332.85714285714283 1 84 0 0
332.8571428571429 3 45 0 0
332.8571428571429 3 45 88 1
332.9166666666667 3 45 0 0
332.9166666666667 3 46 88 1
333.00595238095235 3 46 88 1
333.0059523809524 3 46 0 0
333.0357142857143 2 64 0 0
333.0357142857143 2 65 88 1
333.0952380952381 3 46 0 0
333.2142857142857 0 89 88 1
333.2142857142857 1 68 88 1
333.2142857142857 1 70 88 1
333.2142857142857 1 72 88 1
333.2142857142857 1 74 88 1
333.2142857142857 1 84 88 1
333.2142857142857 2 66 88 1
333.2142857142857 3 44 88 1
333.30357142857144 0 89 0 0
333.30357142857144 2 66 0 0
333.30357142857144 0 89 88 1
333.30357142857144 2 66 88 1
333.3928571428571 2 65 0 0
333.39285714285717 0 89 0 0
333.39285714285717 2 66 0 0
333.39285714285717 0 91 88 1
333.39285714285717 2 67 88 1
333.4821428571429 0 91 0 0
333.4821428571429 2 67 0 0
333.4821428571429 0 91 88 1
333.4821428571429 2 67 88 1
333.57142857142856 1 68 0 0
333.57142857142856 1 70 0 0
333.57142857142856 1 72 0 0
333.57142857142856 1 74 0 0
333.57142857142856 1 84 0 0
333.57142857142856 3 44 0 0
333.57142857142856 0 90 88 1
333.57142857142856 1 87 88 1
333.57142857142856 2 66 88 1
333.57142857142856 3 44 88 1
333.57142857142856 3 55 88 1
333.57142857142856 3 55 88 1
333.5714285714286 0 91 0 0
333.5714285714286 2 67 0 0
333.6607142857143 0 90 0 0
333.6607142857143 2 66 0 0
333.6607142857143 0 90 88 1
333.6607142857143 2 66 88 1
333.75 0 90 0 0
333.75 2 66 0 0
333.75 0 70 88 1
333.75 0 74 88 1
333.75 0 91 88 1
333.75 2 67 88 1
333.8095238095238 3 44 0 0
333.8095238095238 3 55 0 0
333.8095238095238 3 55 0 0
333.8095238095238 3 43 88 1
333.8392857142857 2 67 0 0
333.8392857142857 2 67 88 1
333.92857142857144 2 67 0 0
333.92857142857144 2 64 88 1
334.01785714285717 2 64 0 0
334.01785714285717 2 64 88 1
334.10714285714283 1 87 0 0
334.10714285714283 0 70 0 0
334.10714285714283 0 74 0 0
334.1071428571429 2 64 0 0
334.1071428571429 2 60 88 1
334.16666666666663 3 43 0 0
334.1666666666667 3 43 88 1
334.1666666666667 3 55 88 1
334.1666666666667 3 55 88 1
334.19642857142856 2 60 88 1
334.1964285714286 2 60 0 0
334.2857142857143 0 91 0 0
334.2857142857143 2 60 0 0
334.2857142857143 0 92 102 1
334.2857142857143 1 73 102 1
334.2857142857143 1 85 102 1
334.2857142857143 2 54 88 1
334.2857142857143 2 61 88 1
334.2857142857143 2 69 88 1
334.2857142857143 3 41 102 1
334.4047619047619 3 43 0 0
334.4047619047619 3 55 0 0
334.4047619047619 3 55 0 0
334.6428571428571 0 92 0 0
334.6428571428571 1 73 0 0
334.6428571428571 1 85 0 0
334.6428571428571 2 54 0 0
334.6428571428571 2 61 0 0
334.6428571428571 2 69 0 0
334.6428571428571 3 41 0 0
335.3571428571429 0 55 102 1
335.3571428571429 0 62 102 1
335.3571428571429 0 71 102 1
335.3571428571429 0 79 102 1
335.3571428571429 1 55 102 1
335.3571428571429 1 62 102 1
335.3571428571429 1 71 102 1
335.3571428571429 2 55 88 1
335.3571428571429 2 67 88 1
335.3571428571429 3 43 102 1
335.7142857142857 0 55 0 0
335.7142857142857 0 62 0 0
335.7142857142857 0 71 0 0
335.7142857142857 0 79 0 0
335.7142857142857 1 55 0 0
335.7142857142857 1 62 0 0
335.7142857142857 1 71 0 0
335.7142857142857 2 55 0 0
335.7142857142857 2 67 0 0
335.7142857142857 3 43 0 0
336.42857142857144 0 55 102 1
336.42857142857144 0 63 102 1
336.42857142857144 0 72 102 1
336.42857142857144 1 55 102 1
336.42857142857144 1 63 102 1
336.42857142857144 1 72 102 1
336.42857142857144 2 48 88 1
336.42857142857144 2 60 88 1
336.42857142857144 3 36 102 1
336.7857142857143 0 55 0 0
336.7857142857143 0 63 0 0
336.7857142857143 0 72 0 0
336.7857142857143 1 55 0 0
336.7857142857143 1 63 0 0
336.7857142857143 1 72 0 0
336.7857142857143 2 48 0 0
336.7857142857143 2 60 0 0
336.7857142857143 3 36 0 0
336.9642857142857 1 68 102 1
336.9642857142857 2 59 88 1
337.32142857142856 1 68 0 0
337.32142857142856 2 59 0 0
337.32142857142856 2 52 88 1
338.0357142857143 2 52 0 0
